,road,id,model_type,name,lat,lon,length,condition
0,N1,1000000,source,source,23.7060278,90.443333,0.0,
1,N1,1000001,link,link,23.7029167,90.4504167,814.0,
2,N1,1000002,link,link,23.7027778,90.4504722,8.000000000000007,
3,N1,1000003,link,link,23.7021389,90.4519722,178.00000000000006,
4,N1,1000004,link,link,23.6978886,90.4605833,1000.0,
5,N1,1000005,link,link,23.6973608,90.4616667,129.9999999999999,
6,N1,1000006,link,link,23.693833,90.4691382,870.0000000000001,
7,N1,1000007,link,link,23.6936108,90.4787771,1000.0,
8,N1,1000008,link,link,23.6938052,90.4805271,174.99999999999983,
9,N1,1000009,link,link,23.6947497,90.4884997,825.0000000000002,
10,N1,1000010,link,link,23.6959163,90.4981941,1000.0,
11,N1,1000011,link,link,23.697333,90.50775,1000.0,
12,N1,1000012,link,link,23.6979163,90.5092778,181.00000000000006,
13,N1,1000013,link,link,23.7020556,90.5157222,819.0,
14,N1,1000014,bridge,bridge,23.7021111,90.5157778,10.999999999999233,A
15,N1,1000015,link,link,23.7045833,90.5188327,418.000000000001,
16,N1,1000016,link,link,23.7050278,90.5193327,73.99999999999984,
17,N1,1000017,link,link,23.7060833,90.5215271,259.9999999999998,
18,N1,1000018,link,link,23.7025278,90.5273882,740.0000000000002,
19,N1,1000019,bridge,bridge,23.7015278,90.5281938,112.0000000000001,B
20,N1,1000020,bridge,bridge,23.6998608,90.5307216,347.999999999999,A
21,N1,1000021,bridge,bridge,23.6974163,90.5337774,414.0000000000015,A
22,N1,1000022,link,link,23.6966386,90.5348052,125.99999999999945,
23,N1,1000023,bridge,bridge,23.6943608,90.5376108,381.99999999999966,A
24,N1,1000024,bridge,bridge,23.6922774,90.5410552,428.0000000000008,A
25,N1,1000025,link,link,23.6918052,90.5426108,183.99999999999926,
26,N1,1000026,bridge,bridge,23.6911108,90.5448886,247.99999999999932,A
27,N1,1000027,link,link,23.6910552,90.5451386,26.000000000001577,
28,N1,1000028,link,link,23.6904163,90.546583,164.99999999999915,
29,N1,1000029,link,link,23.6865274,90.5504167,587.9999999999992,
30,N1,1000030,bridge,bridge,23.6854997,90.5512778,148.00000000000148,A
31,N1,1000031,link,link,23.678166,90.5556111,851.9999999999985,
32,N1,1000032,link,link,23.670916,90.5597778,1000.0,
33,N1,1000033,link,link,23.6705827,90.5599722,39.00000000000148,
34,N1,1000034,link,link,23.6628333,90.5641111,960.9999999999985,
35,N1,1000035,link,link,23.6604167,90.5671104,411.00000000000136,
36,N1,1000036,bridge,bridge,23.6591111,90.5697216,307.0000000000004,B
37,N1,1000037,link,link,23.6583056,90.5709993,160.00000000000014,
38,N1,1000038,link,link,23.6575,90.5719716,121.99999999999989,
39,N1,1000039,bridge,bridge,23.6559722,90.5743327,306.99999999999864,C
40,N1,1000040,link,link,23.6559167,90.5745271,21.000000000000796,
41,N1,1000041,bridge,bridge,23.6540556,90.5772771,352.00000000000034,C
42,N1,1000042,link,link,23.6539167,90.5774993,30.000000000001137,
43,N1,1000043,link,link,23.6525278,90.5798882,289.99999999999915,
44,N1,1000044,bridge,bridge,23.6508889,90.5826382,338.99999999999864,B
45,N1,1000045,link,link,23.6506944,90.5829993,41.00000000000037,
46,N1,1000046,link,link,23.6476108,90.588083,620.000000000001,
47,N1,1000047,bridge,bridge,23.6449441,90.5899163,353.9999999999992,C
48,N1,1000048,bridge,bridge,23.6397497,90.5926941,643.0000000000007,B
49,N1,1000049,link,link,23.6396941,90.5927219,3.0000000000001137,
50,N1,1000050,link,link,23.6358608,90.5948052,519.9999999999995,
51,N1,1000051,bridge,bridge,23.6341108,90.5970274,297.9999999999983,B
52,N1,1000052,link,link,23.6335552,90.5976941,100.00000000000142,
53,N1,1000053,link,link,23.6330549,90.5982774,82.00000000000074,
54,N1,1000054,bridge,bridge,23.6262771,90.6042222,974.9999999999978,A
55,N1,1000055,link,link,23.6252216,90.6049722,130.00000000000256,
56,N1,1000056,bridge,bridge,23.6242216,90.6055278,135.99999999999923,B
57,N1,1000057,link,link,23.6224993,90.6066944,227.99999999999798,
58,N1,1000058,bridge,bridge,23.6204716,90.6079722,259.00000000000034,B
59,N1,1000059,link,link,23.6195271,90.6085833,121.99999999999989,
60,N1,1000060,link,link,23.6173604,90.6096944,255.00000000000256,
61,N1,1000061,bridge,bridge,23.6095556,90.6121944,934.9999999999987,B
62,N1,1000062,link,link,23.609,90.6124722,65.00000000000128,
63,N1,1000063,bridge,bridge,23.6018611,90.6159722,873.9999999999987,C
64,N1,1000064,link,link,23.6009444,90.6165556,126.00000000000122,
65,N1,1000065,link,link,23.5959997,90.624666,1000.0,
66,N1,1000066,bridge,bridge,23.5959441,90.6246938,9.99999999999801,A
67,N1,1000067,bridge,bridge,23.5917497,90.6293327,673.9999999999995,A
68,N1,1000068,link,link,23.5896108,90.6313882,316.0000000000025,
69,N1,1000069,bridge,bridge,23.5837497,90.6369441,873.9999999999987,A
70,N1,1000070,link,link,23.5828327,90.6378886,126.00000000000122,
71,N1,1000071,bridge,bridge,23.5825827,90.6381386,38.999999999997925,A
72,N1,1000072,link,link,23.577916,90.6419719,656.0000000000024,
73,N1,1000073,bridge,bridge,23.5776104,90.6421108,38.999999999997925,A
74,N1,1000074,link,link,23.5745271,90.6436941,396.0000000000008,
75,N1,1000075,bridge,bridge,23.572166,90.6451108,307.99999999999983,A
76,N1,1000076,link,link,23.5718327,90.6453052,45.999999999999375,
77,N1,1000077,link,link,23.5666111,90.6481663,646.0000000000008,
78,N1,1000078,bridge,bridge,23.5639167,90.6501944,367.9999999999985,A
79,N1,1000079,link,link,23.5636944,90.6504722,38.000000000000256,
80,N1,1000080,bridge,bridge,23.5604167,90.6542222,532.0,A
81,N1,1000081,link,link,23.5602222,90.6545,38.000000000000256,
82,N1,1000082,link,link,23.5599722,90.6548056,39.00000000000148,
83,N1,1000083,link,link,23.5590278,90.6559444,161.99999999999903,
84,N1,1000084,bridge,bridge,23.5564444,90.6588611,411.99999999999903,A
85,N1,1000085,link,link,23.5562222,90.6591389,40.0000000000027,
86,N1,1000086,link,link,23.5538056,90.6619722,394.99999999999955,
87,N1,1000087,bridge,bridge,23.5523333,90.6636667,241.99999999999733,A
88,N1,1000088,link,link,23.5487497,90.6678327,582.0000000000007,
89,N1,1000089,bridge,bridge,23.5474163,90.6694438,224.00000000000375,A
90,N1,1000090,link,link,23.5469441,90.6699993,76.99999999999818,
91,N1,1000091,bridge,bridge,23.5442219,90.6731104,442.99999999999784,A
92,N1,1000092,link,link,23.542583,90.6749438,256.0000000000002,
93,N1,1000093,link,link,23.5362497,90.681916,1000.0,
94,N1,1000094,bridge,bridge,23.536083,90.6821382,33.99999999999892,A
95,N1,1000095,link,link,23.5358608,90.6823604,39.99999999999915,
96,N1,1000096,bridge,bridge,23.5341386,90.6843052,275.0000000000057,A
97,N1,1000097,link,link,23.5301938,90.688833,650.9999999999962,
98,N1,1000098,bridge,bridge,23.529916,90.6952219,664.0000000000015,B
99,N1,1000099,link,link,23.5301382,90.6984997,335.9999999999985,
100,N1,1000100,link,link,23.5307493,90.7082778,1000.0,
101,N1,1000101,link,link,23.5307771,90.7090278,78.00000000000296,
102,N1,1000102,link,link,23.5313882,90.7153611,354.9999999999969,
103,N1,1000103,link,link,23.5314716,90.7172216,426.00000000000193,
104,N1,1000104,link,link,23.5315271,90.7173604,76.99999999999818,
105,N1,1000105,link,link,23.5315827,90.7176104,17.000000000003013,
106,N1,1000106,link,link,23.5317216,90.7180271,46.999999999997044,
107,N1,1000107,link,link,23.5322346,90.7226298386,512.9999999999982,
108,N1,1000108,link,link,23.5327216,90.7269993,487.0000000000019,
109,N1,1000109,link,link,23.528916,90.7356108,1000.0,
110,N1,1000110,link,link,23.5289993,90.7419441,654.0000000000034,
111,N1,1000111,link,link,23.5293882,90.7514167,966.9999999999987,
112,N1,1000112,link,link,23.5293882,90.7515833,16.999999999995907,
113,N1,1000113,link,link,23.529416,90.75175,24.00000000000091,
114,N1,1000114,link,link,23.5299993,90.7615,1000.0,
115,N1,1000115,link,link,23.5304438,90.7713049,1000.0,
116,N1,1000116,link,link,23.5304993,90.7731104,185.00000000000227,
117,N1,1000117,link,link,23.5308049,90.7811104,814.9999999999977,
118,N1,1000118,link,link,23.5307493,90.7816104,53.00000000000438,
119,N1,1000119,link,link,23.530666,90.7821938,65.9999999999954,
120,N1,1000120,bridge,bridge,23.5312216,90.7895552,773.0000000000032,C
121,N1,1000121,link,link,23.531166,90.7907219,107.99999999999699,
122,N1,1000122,link,link,23.5306938,90.7924441,954.9999999999983,
123,N1,1000123,link,link,23.5308604,90.8002222,45.000000000001705,
124,N1,1000124,link,link,23.5308882,90.8041389,402.9999999999987,
125,N1,1000125,link,link,23.530916,90.8043611,20.000000000003126,
126,N1,1000126,link,link,23.5316382,90.8099167,576.9999999999982,
127,N1,1000127,link,link,23.5332493,90.8194716,1000.0,
128,N1,1000128,link,link,23.5346663,90.8249716,594.0000000000011,
129,N1,1000129,link,link,23.5347219,90.8251104,15.999999999998238,
130,N1,1000130,link,link,23.5344997,90.8287216,390.00000000000057,
131,N1,1000131,link,link,23.5292216,90.8365274,1000.0,
132,N1,1000132,link,link,23.5270549,90.8391386,367.00000000000443,
133,N1,1000133,link,link,23.523166,90.8438886,632.9999999999956,
134,N1,1000134,link,link,23.5174993,90.8513889,1000.0,
135,N1,1000135,link,link,23.5170827,90.8607778,1000.0,
136,N1,1000136,link,link,23.5135833,90.8697771,1000.0,
137,N1,1000137,bridge,bridge,23.5133056,90.8703049,64.00000000000006,C
138,N1,1000138,link,link,23.5131111,90.8706382,42.00000000000159,
139,N1,1000139,link,link,23.5126667,90.871416,101.99999999999676,
140,N1,1000140,link,link,23.5088056,90.8778604,792.0000000000016,
141,N1,1000141,link,link,23.506,90.8869163,1000.0,
142,N1,1000142,link,link,23.5056111,90.8958886,922.0000000000041,
143,N1,1000143,link,link,23.5056389,90.8966108,77.99999999999585,
144,N1,1000144,link,link,23.5062778,90.9063889,1000.0,
145,N1,1000145,link,link,23.50575,90.91525,911.0000000000014,
146,N1,1000146,link,link,23.5057222,90.9160278,88.99999999999864,
147,N1,1000147,link,link,23.5055278,90.9257216,1000.0,
148,N1,1000148,link,link,23.5042778,90.9354163,1000.0,
149,N1,1000149,link,link,23.5043333,90.9354719,9.000000000000341,
150,N1,1000150,link,link,23.5038611,90.9371386,264.0000000000029,
151,N1,1000151,link,link,23.5028611,90.9412774,351.99999999999676,
152,N1,1000152,link,link,23.5020278,90.9448886,375.0,
153,N1,1000153,link,link,23.4995274,90.9541667,1000.000000000007,
154,N1,1000154,link,link,23.4986386,90.9651111,1000.0,
155,N1,1000155,link,link,23.4980552,90.9660278,274.0000000000009,
156,N1,1000156,link,link,23.4972774,90.9674716,182.99999999999272,
157,N1,1000157,link,link,23.4942219,90.9765549,1000.0,
158,N1,1000158,bridge,bridge,23.4951386,90.9829993,694.0000000000026,A
159,N1,1000159,link,link,23.4942497,90.985833,305.9999999999974,
160,N1,1000160,link,link,23.4911386,90.9950274,1000.0,
161,N1,1000161,link,link,23.4894441,91.0033056,890.0000000000006,
162,N1,1000162,link,link,23.4893886,91.0034722,22.00000000000557,
163,N1,1000163,link,link,23.4896108,91.0043056,70.99999999999795,
164,N1,1000164,link,link,23.4893052,91.0112778,733.9999999999947,
165,N1,1000165,bridge,bridge,23.4890552,91.0120278,84.00000000000318,C
166,N1,1000166,link,link,23.4889441,91.01225,30.000000000001137,
167,N1,1000167,link,link,23.488333,91.0140833,197.9999999999933,
168,N1,1000168,link,link,23.4846386,91.0229438,1020.0000000000102,
169,N1,1000169,link,link,23.4827771,91.0321382,1000.0,
170,N1,1000170,bridge,bridge,23.481166,91.0404441,912.9999999999967,B
171,N1,1000171,link,link,23.4814716,91.0419719,140.99999999999113,
172,N1,1000172,bridge,bridge,23.4820827,91.0504167,871.0000000000093,B
173,N1,1000173,link,link,23.4821382,91.0516944,128.99999999999068,
174,N1,1000174,link,link,23.4815271,91.0590278,760.0000000000051,
175,N1,1000175,link,link,23.4815549,91.0613611,239.99999999999488,
176,N1,1000176,link,link,23.4801104,91.0706382,1000.0,
177,N1,1000177,bridge,bridge,23.4770827,91.0789993,944.0000000000026,C
178,N1,1000178,link,link,23.4770271,91.0794716,55.999999999997385,
179,N1,1000179,link,link,23.4781938,91.0889997,1000.0,
180,N1,1000180,link,link,23.4775549,91.0986663,1000.0,
181,N1,1000181,link,link,23.4778604,91.1036111,513.0000000000052,
182,N1,1000182,link,link,23.4779993,91.1055278,486.99999999999477,
183,N1,1000183,bridge,bridge,23.4789438,91.1177216,972.0000000000084,A
184,N1,1000184,link,link,23.4789716,91.1179993,27.999999999991587,
185,N1,1000185,link,link,23.4789716,91.118166,17.000000000010118,
186,N1,1000186,link,link,23.4793327,91.1234716,546.999999999997,
187,N1,1000187,link,link,23.4800827,91.1276382,435.99999999999284,
188,N1,1000188,link,link,23.4767216,91.1364441,1000.0,
189,N1,1000189,link,link,23.4682216,91.1394441,1000.0,
190,N1,1000190,link,link,23.4595833,91.1421386,1000.0,
191,N1,1000191,link,link,23.459,91.142333,68.00000000001205,
192,N1,1000192,link,link,23.4513056,91.1460552,931.999999999988,
193,N1,1000193,link,link,23.448833,91.1471386,303.0000000000115,
194,N1,1000194,link,link,23.4486386,91.1472497,24.00000000000091,
195,N1,1000195,link,link,23.4469441,91.1481386,209.99999999999375,
196,N1,1000196,link,link,23.4425274,91.1497774,462.99999999999386,
197,N1,1000197,link,link,23.4373886,91.1521944,684.0000000000117,
198,N1,1000198,link,link,23.4288882,91.1553889,1000.0,
199,N1,1000199,link,link,23.4236938,91.1626944,979.9999999999898,
200,N1,1000200,link,link,23.4235827,91.1629722,28.000000000005798,
201,N1,1000201,link,link,23.423416,91.1632778,37.00000000000614,
202,N1,1000202,link,link,23.4213604,91.167666,507.99999999999557,
203,N1,1000203,link,link,23.4195271,91.171416,426.9999999999925,
204,N1,1000204,link,link,23.4191382,91.1721938,90.00000000000341,
205,N1,1000205,link,link,23.4149444,91.1801382,537.9999999999967,
206,N1,1000206,link,link,23.4131111,91.1846663,511.0000000000099,
207,N1,1000207,link,link,23.4130556,91.1849163,27.999999999991587,
208,N1,1000208,link,link,23.4125,91.1893886,460.9999999999985,
209,N1,1000209,link,link,23.4113056,91.1988886,1008.0000000000098,
210,N1,1000210,link,link,23.4100833,91.2087778,1027.000000000001,
211,N1,1000211,bridge,bridge,23.4100278,91.2090833,36.99999999999193,C
212,N1,1000212,link,link,23.4048056,91.2165278,980.000000000004,
213,N1,1000213,link,link,23.40375,91.2176382,171.99999999999704,
214,N1,1000214,link,link,23.4035556,91.2178049,28.999999999996362,
215,N1,1000215,link,link,23.398213447804338,91.22288776581436,799.0000000000066,
216,N1,1000216,link,link,23.3915274,91.2292493,1000.0,
217,N1,1000217,bridge,bridge,23.3914441,91.2293049,10.000000000005116,A
218,N1,1000218,bridge,bridge,23.385083,91.2345552,891.9999999999959,A
219,N1,1000219,bridge,bridge,23.3849719,91.2346108,15.000000000000568,A
220,N1,1000220,link,link,23.3843886,91.2351108,82.99999999999841,
221,N1,1000221,link,link,23.3779716,91.2403608,897.9999999999961,
222,N1,1000222,link,link,23.3777493,91.2405274,30.000000000001137,
223,N1,1000223,link,link,23.377166,91.2409163,72.00000000000273,
224,N1,1000224,link,link,23.3695827,91.2462774,1000.0,
225,N1,1000225,bridge,bridge,23.3683327,91.2471108,170.99999999999227,C
226,N1,1000226,link,link,23.3615278,91.2515556,904.0000000000106,
227,N1,1000227,bridge,bridge,23.3586389,91.25325,365.99999999999966,A
228,N1,1000228,link,link,23.3584444,91.2533333,24.00000000000091,
229,N1,1000229,link,link,23.3536944,91.2561389,609.9999999999994,
230,N1,1000230,link,link,23.3486386,91.2599444,686.9999999999976,
231,N1,1000231,link,link,23.3463608,91.2616944,313.0000000000024,
232,N1,1000232,link,link,23.3390552,91.2672216,1000.0,
233,N1,1000233,link,link,23.3360274,91.2700549,443.9999999999884,
234,N1,1000234,link,link,23.3357219,91.2703049,44.00000000001114,
235,N1,1000235,link,link,23.3347219,91.271166,143.00000000000068,
236,N1,1000236,link,link,23.3321938,91.2734716,368.9999999999998,
237,N1,1000237,link,link,23.3246382,91.278666,1000.0,
238,N1,1000238,bridge,bridge,23.324166,91.2791104,72.99999999999329,B
239,N1,1000239,link,link,23.3240827,91.279166,10.000000000005116,
240,N1,1000240,link,link,23.3171382,91.2836941,917.0000000000016,
241,N1,1000241,bridge,bridge,23.3149444,91.2844719,269.999999999996,A
242,N1,1000242,link,link,23.31475,91.2845552,19.000000000005457,
243,N1,1000243,bridge,bridge,23.3096389,91.2861386,597.999999999999,A
244,N1,1000244,link,link,23.3086944,91.2864163,112.99999999999955,
245,N1,1000245,bridge,bridge,23.30425,91.288583,546.999999999997,A
246,N1,1000246,link,link,23.3006111,91.290333,453.00000000000296,
247,N1,1000247,bridge,bridge,23.296083,91.2914997,518.9999999999912,B
248,N1,1000248,link,link,23.2959719,91.2915274,14.000000000010004,
249,N1,1000249,link,link,23.2919163,91.2922219,466.99999999999875,
250,N1,1000250,bridge,bridge,23.2876663,91.2936386,501.99999999999534,B
251,N1,1000251,link,link,23.283583,91.2952219,498.00000000000466,
252,N1,1000252,link,link,23.2787216,91.3002778,774.0000000000009,
253,N1,1000253,link,link,23.2768882,91.3011944,225.9999999999991,
254,N1,1000254,link,link,23.2686382,91.3049722,1000.0,
255,N1,1000255,bridge,bridge,23.2677493,91.3054722,115.99999999999966,B
256,N1,1000256,bridge,bridge,23.2654444,91.3064444,277.000000000001,B
257,N1,1000257,bridge,bridge,23.2636667,91.30675,202.99999999998875,B
258,N1,1000258,link,link,23.2601111,91.3072778,404.0000000000106,
259,N1,1000259,bridge,bridge,23.2587222,91.3074444,155.9999999999917,B
260,N1,1000260,link,link,23.2511944,91.3086389,844.0000000000083,
261,N1,1000261,bridge,bridge,23.249833,91.3091944,173.99999999999238,A
262,N1,1000262,bridge,bridge,23.248333,91.3098056,186.00000000000705,B
263,N1,1000263,link,link,23.2481663,91.3098889,22.999999999996135,
264,N1,1000264,bridge,bridge,23.2452774,91.3110556,346.9999999999942,A
265,N1,1000265,link,link,23.243083,91.3119167,270.00000000001023,
266,N1,1000266,bridge,bridge,23.2416941,91.3123611,162.9999999999967,B
267,N1,1000267,bridge,bridge,23.2344997,91.3131667,816.9999999999931,A
268,N1,1000268,link,link,23.2343052,91.3131667,20.000000000010232,
269,N1,1000269,bridge,bridge,23.2314993,91.3132222,314.9999999999977,B
270,N1,1000270,bridge,bridge,23.2275549,91.3135278,447.9999999999933,B
271,N1,1000271,link,link,23.2253882,91.3135833,237.00000000000898,
272,N1,1000272,link,link,23.221416,91.3137222,449.99999999998863,
273,N1,1000273,bridge,bridge,23.2184993,91.3143889,328.00000000000296,A
274,N1,1000274,link,link,23.2165556,91.3149167,222.0000000000084,
275,N1,1000275,bridge,bridge,23.2103056,91.3157222,717.9999999999893,A
276,N1,1000276,link,link,23.2078889,91.3159722,282.0000000000107,
277,N1,1000277,bridge,bridge,23.201,91.3168049,771.0000000000008,C
278,N1,1000278,link,link,23.1990274,91.3170549,228.9999999999992,
279,N1,1000279,bridge,bridge,23.1921108,91.3185549,864.9999999999949,B
280,N1,1000280,link,link,23.1909997,91.3192493,135.00000000000512,
281,N1,1000281,bridge,bridge,23.1866941,91.3212493,522.9999999999961,B
282,N1,1000282,link,link,23.1866108,91.3212771,12.000000000000455,
283,N1,1000283,link,link,23.1826382,91.3210827,465.0000000000034,
284,N1,1000284,bridge,bridge,23.1773604,91.3198049,613.9999999999901,A
285,N1,1000285,link,link,23.172916,91.3205271,515.0000000000006,
286,N1,1000286,bridge,bridge,23.1681382,91.3213604,546.0000000000065,B
287,N1,1000287,link,link,23.1680549,91.3213604,13.999999999995794,
288,N1,1000288,link,link,23.1641389,91.3214993,439.9999999999977,
289,N1,1000289,bridge,bridge,23.1571667,91.3224993,792.0000000000016,B
290,N1,1000290,link,link,23.1554167,91.3232771,207.9999999999984,
291,N1,1000291,link,link,23.1496941,91.3254993,631.9999999999908,
292,N1,1000292,bridge,bridge,23.1480274,91.3264993,269.00000000000546,B
293,N1,1000293,link,link,23.1471663,91.3266938,99.00000000001796,
294,N1,1000294,bridge,bridge,23.1433886,91.326666,420.99999999999227,B
295,N1,1000295,link,link,23.1382219,91.3263049,579.0000000000077,
296,N1,1000296,bridge,bridge,23.1374163,91.3264716,102.00000000000387,B
297,N1,1000297,link,link,23.1295827,91.3284993,897.9999999999961,
298,N1,1000298,bridge,bridge,23.1290827,91.3287216,69.99999999999318,B
299,N1,1000299,bridge,bridge,23.1234993,91.3311382,675.0000000000114,B
300,N1,1000300,link,link,23.1213327,91.3320549,254.99999999999545,
301,N1,1000301,bridge,bridge,23.1193049,91.3329993,247.99999999999045,A
302,N1,1000302,link,link,23.1191382,91.3330827,27.999999999991587,
303,N1,1000303,link,link,23.1113611,91.3378052,1000.0,
304,N1,1000304,bridge,bridge,23.1108056,91.3381386,75.00000000001705,A
305,N1,1000305,bridge,bridge,23.1051111,91.3413608,719.9999999999989,A
306,N1,1000306,link,link,23.1035,91.3422497,204.99999999998408,
307,N1,1000307,bridge,bridge,23.1005833,91.3437774,367.999999999995,A
308,N1,1000308,bridge,bridge,23.0961941,91.3461108,550.0000000000114,B
309,N1,1000309,link,link,23.095583,91.3464441,81.99999999999363,
310,N1,1000310,bridge,bridge,23.0901108,91.3494163,688.0000000000166,B
311,N1,1000311,link,link,23.0876108,91.3508889,311.9999999999834,
312,N1,1000312,link,link,23.0849719,91.3524722,344.99999999999886,
313,N1,1000313,link,link,23.0808049,91.3548611,527.0000000000152,
314,N1,1000314,link,link,23.0806938,91.3549444,16.999999999995907,
315,N1,1000315,link,link,23.0792493,91.3558333,193.00000000001205,
316,N1,1000316,bridge,bridge,23.0732493,91.3594167,765.9999999999911,B
317,N1,1000317,link,link,23.0712493,91.3599722,234.00000000000887,
318,N1,1000318,link,link,23.0688604,91.3607222,274.99999999997726,
319,N1,1000319,link,link,23.0636944,91.3616389,611.0000000000184,
320,N1,1000320,link,link,23.0635278,91.3616389,18.000000000000682,
321,N1,1000321,link,link,23.0614722,91.3616667,229.99999999998977,
322,N1,1000322,link,link,23.0538611,91.3637222,882.000000000005,
323,N1,1000323,link,link,23.0479441,91.3651389,500.0,
324,N1,1000324,link,link,23.0449719,91.3653611,520.9999999999866,
325,N1,1000325,link,link,23.0427774,91.3654444,195.99999999999795,
326,N1,1000326,link,link,23.0398052,91.3656111,336.00000000001273,
327,N1,1000327,link,link,23.0360274,91.36575,467.9999999999893,
328,N1,1000328,bridge,bridge,23.029416,91.3656389,735.0000000000136,A
329,N1,1000329,link,link,23.0269716,91.3655,287.00000000000614,
330,N1,1000330,link,link,23.0248327,91.3655278,239.99999999998067,
331,N1,1000331,link,link,23.0193604,91.3697771,760.9999999999957,
332,N1,1000332,link,link,23.0185271,91.3708327,151.00000000001046,
333,N1,1000333,link,link,23.0140833,91.3759716,723.9999999999895,
334,N1,1000334,link,link,23.0132778,91.3769438,125.0,
335,N1,1000335,link,link,23.0095556,91.3813604,614.0000000000043,
336,N1,1000336,link,link,23.0018889,91.3920552,1407.0000000000107,
337,N1,1000337,link,link,22.9963886,91.3998052,1000.0,
338,N1,1000338,link,link,22.9961941,91.4005,85.00000000000796,
339,N1,1000339,link,link,22.9960552,91.4006667,22.999999999996135,
340,N1,1000340,link,link,22.9906941,91.4072222,917.0000000000016,
341,N1,1000341,link,link,22.9877774,91.41,447.9999999999791,
342,N1,1000342,link,link,22.9858886,91.4120556,296.0000000000207,
343,N1,1000343,link,link,22.9842219,91.4137222,256.0000000000002,
344,N1,1000344,link,link,22.9774438,91.4205827,1050.9999999999877,
345,N1,1000345,link,link,22.9711382,91.4273882,1000.0,
346,N1,1000346,link,link,22.9663333,91.4356108,1000.0,
347,N1,1000347,link,link,22.9624167,91.4416941,780.0000000000011,
348,N1,1000348,link,link,22.9618056,91.4424997,109.00000000000887,
349,N1,1000349,link,link,22.9611667,91.4433886,110.99999999999,
350,N1,1000350,link,link,22.9561389,91.4517778,1043.0000000000064,
351,N1,1000351,link,link,22.9514444,91.4600278,1000.0,
352,N1,1000352,link,link,22.9479997,91.4689993,1012.0000000000005,
353,N1,1000353,link,link,22.9483608,91.4761382,737.9999999999995,
354,N1,1000354,link,link,22.9484997,91.4786938,262.00000000000045,
355,N1,1000355,link,link,22.9497497,91.4883608,1008.0000000000098,
356,N1,1000356,link,link,22.9497774,91.4980274,1000.0,
357,N1,1000357,link,link,22.9496663,91.5007778,287.9999999999825,
358,N1,1000358,link,link,22.949583,91.5027778,211.00000000001273,
359,N1,1000359,link,link,22.9482774,91.50725,508.99999999998613,
360,N1,1000360,link,link,22.9439441,91.5108611,618.9999999999998,
361,N1,1000361,link,link,22.940833,91.5124444,381.0000000000002,
362,N1,1000362,link,link,22.9329716,91.5172216,1000.0,
363,N1,1000363,link,link,22.9248882,91.5213327,1000.0,
364,N1,1000364,link,link,22.9167216,91.5253882,1000.0,
365,N1,1000365,link,link,22.9156667,91.5259438,134.00000000001455,
366,N1,1000366,link,link,22.9138056,91.5268604,227.99999999998022,
367,N1,1000367,link,link,22.9085833,91.5294993,638.0000000000052,
368,N1,1000368,bridge,bridge,22.9046667,91.5314438,463.99999999999864,A
369,N1,1000369,link,link,22.9003333,91.5333608,536.0000000000014,
370,N1,1000370,link,link,22.8994441,91.5336108,82.99999999999841,
371,N1,1000371,link,link,22.8939997,91.5346941,637.0000000000005,
372,N1,1000372,link,link,22.8929719,91.5350274,112.99999999999955,
373,N1,1000373,link,link,22.8921663,91.5353052,104.00000000001342,
374,N1,1000374,link,link,22.8916386,91.5354719,62.99999999998818,
375,N1,1000375,bridge,bridge,22.8829993,91.5381663,1000.0,A
376,N1,1000376,bridge,bridge,22.875166,91.5407219,914.999999999992,A
377,N1,1000377,link,link,22.8744438,91.5409719,85.00000000000796,
378,N1,1000378,bridge,bridge,22.8731382,91.5414441,162.00000000000614,A
379,N1,1000379,bridge,bridge,22.868416,91.5431663,556.0000000000116,A
380,N1,1000380,link,link,22.8661111,91.5439997,281.99999999998226,
381,N1,1000381,bridge,bridge,22.86111772310757,91.54512584501992,575.9999999999934,A
382,N1,1000382,bridge,bridge,22.8595833,91.5454719,177.00000000002092,A
383,N1,1000383,link,link,22.8575556,91.5456386,246.99999999998568,
384,N1,1000384,bridge,bridge,22.856,91.5457219,164.99999999999204,A
385,N1,1000385,bridge,bridge,22.8550556,91.545833,113.00000000002797,A
386,N1,1000386,link,link,22.8486663,91.5463608,721.99999999998,
387,N1,1000387,bridge,bridge,22.8485274,91.5463886,16.999999999995907,A
388,N1,1000388,link,link,22.8484441,91.5464163,10.000000000019327,
389,N1,1000389,bridge,bridge,22.8452219,91.5475274,379.99999999999545,A
390,N1,1000390,bridge,bridge,22.8432497,91.5482219,240.0000000000091,A
391,N1,1000391,link,link,22.8401941,91.5490552,352.9999999999802,
392,N1,1000392,link,link,22.8372497,91.5492497,313.99999999999295,
393,N1,1000393,link,link,22.8313882,91.5503611,686.000000000007,
394,N1,1000394,link,link,22.8239438,91.5528333,872.0000000000141,
395,N1,1000395,link,link,22.8228049,91.5531389,127.9999999999859,
396,N1,1000396,link,link,22.8141389,91.5555833,1000.0,
397,N1,1000397,link,link,22.8110556,91.5563889,340.0000000000034,
398,N1,1000398,link,link,22.808,91.5579167,406.0000000000059,
399,N1,1000399,link,link,22.8059722,91.5589167,252.00000000000955,
400,N1,1000400,link,link,22.8059444,91.5589167,1.999999999981128,
401,N1,1000401,bridge,bridge,22.8045833,91.5591111,155.00000000000114,A
402,N1,1000402,link,link,22.7974719,91.5613611,844.9999999999989,
403,N1,1000403,bridge,bridge,22.7934163,91.5633333,492.999999999995,B
404,N1,1000404,bridge,bridge,22.7896108,91.5654444,472.0000000000084,B
405,N1,1000405,link,link,22.7893608,91.5655833,34.99999999999659,
406,N1,1000406,bridge,bridge,22.7813327,91.5695271,993.9999999999998,A
407,N1,1000407,link,link,22.7812216,91.5695827,6.000000000000227,
408,N1,1000408,bridge,bridge,22.7811382,91.5696382,15.00000000001478,A
409,N1,1000409,link,link,22.7771104,91.5713327,485.99999999999,
410,N1,1000410,bridge,bridge,22.7732771,91.5733604,474.9999999999943,A
411,N1,1000411,link,link,22.7730271,91.5734716,24.00000000000091,
412,N1,1000412,bridge,bridge,22.7693604,91.5756104,468.9999999999941,A
413,N1,1000413,bridge,bridge,22.7661944,91.5779993,2.0000000000095497,A
414,N1,1000414,link,link,22.7654722,91.5785549,528.9999999999964,
415,N1,1000415,bridge,bridge,22.7621944,91.5811382,453.00000000000296,A
416,N1,1000416,link,link,22.7585278,91.5845274,546.999999999997,
417,N1,1000417,bridge,bridge,22.7526389,91.5893608,819.9999999999932,A
418,N1,1000418,link,link,22.7525,91.5894719,23.000000000024556,
419,N1,1000419,link,link,22.7513333,91.5903608,156.99999999998226,
420,N1,1000420,link,link,22.7496386,91.5916386,231.99999999999932,
421,N1,1000421,link,link,22.7435552,91.5949163,768.0000000000007,
422,N1,1000422,link,link,22.7433052,91.5950274,32.00000000001069,
423,N1,1000423,link,link,22.7349997,91.5979441,967.9999999999893,
424,N1,1000424,bridge,bridge,22.7349163,91.5979719,12.000000000000455,A
425,N1,1000425,link,link,22.7263882,91.6007778,987.9999999999995,
426,N1,1000426,bridge,bridge,22.7221104,91.6030833,539.0000000000157,A
427,N1,1000427,link,link,22.7185549,91.6053056,460.9999999999843,
428,N1,1000428,link,link,22.7165556,91.6065556,260.0000000000193,
429,N1,1000429,link,link,22.716,91.6069167,74.99999999998863,
430,N1,1000430,link,link,22.7143889,91.6079444,215.0000000000034,
431,N1,1000431,bridge,bridge,22.7124167,91.6090556,256.0000000000002,A
432,N1,1000432,bridge,bridge,22.7076111,91.6118056,606.9999999999993,A
433,N1,1000433,link,link,22.7065556,91.6123611,137.00000000000045,
434,N1,1000434,bridge,bridge,22.706,91.6126944,67.99999999998363,A
435,N1,1000435,bridge,bridge,22.7033056,91.6142222,342.00000000001296,A
436,N1,1000436,bridge,bridge,22.7002222,91.6157778,381.0000000000002,A
437,N1,1000437,link,link,22.6984997,91.616666,219.99999999999886,
438,N1,1000438,bridge,bridge,22.6919719,91.6198604,783.9999999999918,A
439,N1,1000439,link,link,22.6904163,91.6205271,216.00000000000819,
440,N1,1000440,bridge,bridge,22.689583,91.6208327,98.00000000001319,A
441,N1,1000441,bridge,bridge,22.685083,91.6228327,543.9999999999827,A
442,N1,1000442,link,link,22.6825549,91.6241938,317.0000000000073,
443,N1,1000443,bridge,bridge,22.6769438,91.6268327,669.9999999999875,A
444,N1,1000444,bridge,bridge,22.6751382,91.6274438,230.99999999999454,A
445,N1,1000445,link,link,22.6743049,91.6277493,99.00000000001796,
446,N1,1000446,link,link,22.6733049,91.6280827,120.00000000000455,
447,N1,1000447,bridge,bridge,22.6722493,91.6285271,131.00000000000023,A
448,N1,1000448,bridge,bridge,22.6678604,91.6301104,506.0000000000002,A
449,N1,1000449,link,link,22.6649167,91.6315549,370.00000000000455,
450,N1,1000450,bridge,bridge,22.6638333,91.6321382,137.9999999999768,A
451,N1,1000451,bridge,bridge,22.6596667,91.6347219,540.0000000000205,A
452,N1,1000452,link,link,22.6571389,91.636333,322.00000000000273,
453,N1,1000453,link,link,22.6543889,91.6381386,356.9999999999993,
454,N1,1000454,link,link,22.6527778,91.6391663,208.99999999997476,
455,N1,1000455,link,link,22.6494997,91.640833,411.00000000000136,
456,N1,1000456,bridge,bridge,22.6489997,91.6411108,67.00000000000728,A
457,N1,1000457,bridge,bridge,22.6452774,91.6430552,462.99999999999386,A
458,N1,1000458,link,link,22.641583,91.6451108,469.99999999999886,
459,N1,1000459,bridge,bridge,22.6338608,91.6494719,974.000000000018,A
460,N1,1000460,link,link,22.6330827,91.649833,86.99999999998909,
461,N1,1000461,bridge,bridge,22.6320271,91.6503889,134.9999999999909,A
462,N1,1000462,bridge,bridge,22.625916,91.6541389,782.0000000000107,A
463,N1,1000463,link,link,22.6252216,91.6545278,82.99999999999841,
464,N1,1000464,bridge,bridge,22.6234716,91.6553056,218.9999999999941,A
465,N1,1000465,bridge,bridge,22.6206938,91.6563611,332.9999999999984,A
466,N1,1000466,bridge,bridge,22.6194993,91.6568889,163.0000000000109,A
467,N1,1000467,link,link,22.6180271,91.6578333,20.000000000010232,
468,N1,1000468,bridge,bridge,22.6175271,91.65825,252.9999999999859,A
469,N1,1000469,link,link,22.6169716,91.65875,91.00000000000819,
470,N1,1000470,bridge,bridge,22.6168604,91.6588611,15.999999999991132,A
471,N1,1000471,bridge,bridge,22.6123889,91.6622222,611.9999999999948,A
472,N1,1000472,link,link,22.6094444,91.6638333,372.0000000000141,
473,N1,1000473,bridge,bridge,22.6088889,91.6641111,72.00000000000273,A
474,N1,1000474,link,link,22.6015833,91.6688327,951.9999999999982,
475,N1,1000475,bridge,bridge,22.601,91.6692771,129.99999999999545,A
476,N1,1000476,bridge,bridge,22.6000556,91.6699438,115.0000000000091,A
477,N1,1000477,bridge,bridge,22.5994441,91.6703049,48.99999999997817,A
478,N1,1000478,bridge,bridge,22.5942219,91.6737771,681.0000000000116,A
479,N1,1000479,link,link,22.5939997,91.6738327,25.000000000005684,
480,N1,1000480,bridge,bridge,22.5907497,91.6754716,407.99999999998704,C
481,N1,1000481,link,link,22.584583,91.6780827,757.000000000005,
482,N1,1000482,bridge,bridge,22.5836663,91.6784716,116.99999999999022,A
483,N1,1000483,link,link,22.5834997,91.6785827,26.00000000001046,
484,N1,1000484,link,link,22.580666,91.6799438,342.9999999999893,
485,N1,1000485,bridge,bridge,22.5779438,91.6811382,331.0000000000173,A
486,N1,1000486,link,link,22.5763604,91.6818049,182.99999999999272,
487,N1,1000487,bridge,bridge,22.5731938,91.6830827,377.00000000000955,A
488,N1,1000488,link,link,22.5730549,91.6831938,18.000000000000682,
489,N1,1000489,link,link,22.5679716,91.6846941,604.9999999999898,
490,N1,1000490,bridge,bridge,22.5664722,91.6851663,177.99999999999727,A
491,N1,1000491,bridge,bridge,22.5641389,91.6859163,275.0000000000057,A
492,N1,1000492,link,link,22.564,91.6859441,14.000000000010004,
493,N1,1000493,bridge,bridge,22.5624722,91.6863608,216.99999999998454,A
494,N1,1000494,link,link,22.5594444,91.6872219,316.0000000000025,
495,N1,1000495,link,link,22.5514167,91.6896941,938.999999999993,
496,N1,1000496,bridge,bridge,22.5503056,91.6902774,144.00000000000546,A
497,N1,1000497,link,link,22.5501667,91.6903886,31.00000000000591,
498,N1,1000498,link,link,22.5438886,91.6945274,824.9999999999886,
499,N1,1000499,bridge,bridge,22.5428608,91.6950274,118.99999999999977,A
500,N1,1000500,link,link,22.5354997,91.6979441,882.000000000005,
501,N1,1000501,bridge,bridge,22.5347774,91.698333,90.00000000000341,A
502,N1,1000502,link,link,22.5273049,91.7019444,909.9999999999966,
503,N1,1000503,link,link,22.519416,91.7053611,956.9999999999936,
504,N1,1000504,link,link,22.519265407228914,91.70540328072288,18.000000000000682,
505,N1,1000505,link,link,22.5187216,91.7055556,64.99999999999773,
506,N1,1000506,bridge,bridge,22.5165556,91.7065833,276.00000000001046,C
507,N1,1000507,link,link,22.5161667,91.70675,45.000000000015916,
508,N1,1000508,bridge,bridge,22.5147222,91.7074444,181.99999999998795,A
509,N1,1000509,bridge,bridge,22.5131389,91.7080833,193.9999999999884,A
510,N1,1000510,link,link,22.5127778,91.7082222,40.99999999999682,
511,N1,1000511,link,link,22.5106111,91.7090833,262.00000000000045,
512,N1,1000512,bridge,bridge,22.5094444,91.7096389,144.00000000000546,A
513,N1,1000513,link,link,22.5093611,91.7096944,12.000000000000455,
514,N1,1000514,bridge,bridge,22.5074444,91.7105556,239.00000000000432,A
515,N1,1000515,link,link,22.5073056,91.7106389,18.000000000000682,
516,N1,1000516,bridge,bridge,22.503,91.7128056,530.0000000000011,A
517,N1,1000517,link,link,22.5025556,91.7130556,56.99999999998795,
518,N1,1000518,bridge,bridge,22.4969163,91.7155556,685.0000000000023,B
519,N1,1000519,link,link,22.4968052,91.7156389,19.000000000005457,
520,N1,1000520,link,link,22.494583,91.7170827,295.99999999999227,
521,N1,1000521,bridge,bridge,22.4869441,91.7192771,887.0000000000005,A
522,N1,1000522,link,link,22.4854163,91.7195549,174.0000000000066,
523,N1,1000523,bridge,bridge,22.48280706570156,91.72005100244988,296.99999999999704,A
524,N1,1000524,bridge,bridge,22.4775271,91.7210549,600.9999999999991,A
525,N1,1000525,link,link,22.4773049,91.7211104,25.000000000005684,
526,N1,1000526,link,link,22.4765271,91.7213327,88.99999999999864,
527,N1,1000527,link,link,22.4694438,91.7250549,883.0000000000098,
528,N1,1000528,link,link,22.468416,91.7255827,135.99999999999568,
529,N1,1000529,link,link,22.4603056,91.7295827,1000.0,
530,N1,1000530,bridge,bridge,22.4588333,91.7303604,183.9999999999975,A
531,N1,1000531,link,link,22.4586389,91.7304716,26.00000000001046,
532,N1,1000532,link,link,22.45182350044248,91.7331283022124,807.9999999999927,
533,N1,1000533,link,link,22.4433886,91.7364163,1000.0,
534,N1,1000534,bridge,bridge,22.4424997,91.7366663,104.00000000001342,A
535,N1,1000535,link,link,22.4422219,91.7367497,30.99999999997749,
536,N1,1000536,link,link,22.4349719,91.7396941,925.0000000000114,
537,N1,1000537,link,link,22.4333049,91.7403608,137.00000000000045,
538,N1,1000538,link,link,22.4307493,91.7415274,311.00000000000705,
539,N1,1000539,link,link,22.4304438,91.7417219,42.999999999977945,
540,N1,1000540,link,link,22.4269716,91.7439997,449.0000000000123,
541,N1,1000541,link,link,22.4198882,91.7497774,1000.0,
542,N1,1000542,link,link,22.4185549,91.7504722,164.99999999999204,
543,N1,1000543,link,link,22.4182771,91.7506667,38.000000000010914,
544,N1,1000544,link,link,22.4119167,91.7543611,796.999999999997,
545,N1,1000545,link,link,22.4101111,91.7544444,199.99999999998863,
546,N1,1000546,bridge,bridge,22.4084167,91.7551389,206.00000000001728,A
547,N1,1000547,link,link,22.40839921010101,91.75514357643098,1.999999999981128,
548,N1,1000548,link,link,22.4032222,91.7565278,592.000000000013,
549,N1,1000549,link,link,22.3996108,91.7573333,400.0000000000057,
550,N1,1000550,bridge,bridge,22.3988608,91.7576667,103.999999999985,A
551,N1,1000551,link,link,22.3988052,91.7576667,7.000000000005002,
552,N1,1000552,link,link,22.3944997,91.7586944,489.0000000000043,
553,N1,1000553,link,link,22.3937774,91.7588056,58.9999999999975,
554,N1,1000554,bridge,bridge,22.3921108,91.75925,217.00000000001296,A
555,N1,1000555,bridge,bridge,22.3892497,91.7605,350.9999999999991,A
556,N1,1000556,link,link,22.3887497,91.7607222,58.9999999999975,
557,N1,1000557,link,link,22.3861663,91.7618333,313.99999999999295,
558,N1,1000558,bridge,bridge,22.3815271,91.7652222,625.0,A
559,N1,1000559,link,link,22.379166,91.7675827,375.0,
560,N1,1000560,bridge,bridge,22.3764716,91.770416,436.00000000000705,A
561,N1,1000561,link,link,22.3762254893617,91.77054326631206,19.000000000005457,
562,N1,1000562,link,link,22.369166,91.7741938,544.9999999999875,
563,N1,1000563,link,link,22.3691382,91.777666,555.0000000000068,
564,N1,1000564,link,link,22.3586667,91.7822771,192.99999999998363,
565,N1,1000565,link,link,22.3644444,91.8511111,8308.999999999998,
566,N1,1000566,link,link,22.3646111,91.8508333,393.0000000000007,
567,N1,1000567,bridge,bridge,22.3632778,91.8514722,169.00000000001114,A
568,N1,1000568,link,link,22.3561111,91.8531667,830.9999999999889,
569,N1,1000569,bridge,bridge,22.3555,91.8530833,70.99999999999795,A
570,N1,1000570,link,link,22.3553889,91.8530556,14.000000000010004,
571,N1,1000571,link,link,22.3473886,91.8519444,914.999999999992,
572,N1,1000572,bridge,bridge,22.3427219,91.8531389,549.0000000000066,C
573,N1,1000573,link,link,22.3423608,91.8530833,44.00000000001114,
574,N1,1000574,link,link,22.3387497,91.8534722,406.99999999998226,
575,N1,1000575,bridge,bridge,22.338362487628867,91.853695585567,52.00000000002092,B
576,N1,1000576,link,link,22.3380274,91.8538889,44.999999999987494,
577,N1,1000577,bridge,bridge,22.3373886,91.8542778,80.0000000000125,B
578,N1,1000578,link,link,22.3370274,91.8545278,46.999999999997044,
579,N1,1000579,link,link,22.3314716,91.8515556,775.999999999982,
580,N1,1000580,bridge,bridge,22.3297493,91.8521111,209.00000000000318,B
581,N1,1000581,link,link,22.3228327,91.8535556,790.9999999999968,
582,N1,1000582,bridge,bridge,22.3212771,91.8536111,177.99999999999727,A
583,N1,1000583,link,link,22.3153611,91.8553056,702.0000000000266,
584,N1,1000584,bridge,bridge,22.3152222,91.8553333,15.999999999991132,A
585,N1,1000585,link,link,22.3148889,91.8553889,44.999999999987494,
586,N1,1000586,link,link,22.3108333,91.8570278,496.0000000000093,
587,N1,1000587,link,link,22.3106111,91.8570833,30.000000000001137,
588,N1,1000588,bridge,bridge,22.30825,91.8589722,326.9999999999982,A
589,N1,1000589,link,link,22.3071944,91.8598611,146.99999999999136,
590,N1,1000590,bridge,bridge,22.3043056,91.8621667,400.0000000000057,A
591,N1,1000591,bridge,bridge,22.3021667,91.8639444,308.9999999999975,A
592,N1,1000592,link,link,22.2998886,91.8655833,293.00000000000637,
593,N1,1000593,bridge,bridge,22.2950274,91.8671938,568.000000000012,A
594,N1,1000594,link,link,22.2919441,91.8693327,426.9999999999925,
595,N1,1000595,link,link,22.2916663,91.8696382,50.99999999998772,
596,N1,1000596,link,link,22.2916108,91.8711382,170.00000000001592,
597,N1,1000597,link,link,22.293583,91.8748604,447.00000000000273,
598,N1,1000598,link,link,22.2946386,91.8770827,262.00000000000045,
599,N1,1000599,link,link,22.2949163,91.877666,66.99999999997885,
600,N1,1000600,bridge,bridge,22.2951108,91.8781104,54.000000000002046,A
601,N1,1000601,bridge,bridge,22.2983886,91.885583,263.00000000000523,A
602,N1,1000602,link,link,22.2985552,91.886333,688.999999999993,
603,N1,1000603,link,link,22.3,91.8915552,558.9999999999975,
604,N1,1000604,link,link,22.3005833,91.892833,441.0000000000025,
605,N1,1000605,bridge,bridge,22.3015833,91.897333,173.00000000000182,C
606,N1,1000606,link,link,22.3027222,91.9015556,454.00000000000773,
607,N1,1000607,link,link,22.3029722,91.9025,103.00000000000864,
608,N1,1000608,link,link,22.3053611,91.9106389,871.9999999999857,
609,N1,1000609,link,link,22.3070556,91.9128056,302.99999999999727,
610,N1,1000610,link,link,22.3096944,91.91575,424.0000000000066,
611,N1,1000611,link,link,22.3114167,91.9176382,272.99999999999613,
612,N1,1000612,bridge,bridge,22.3124722,91.9188327,167.99999999997794,A
613,N1,1000613,bridge,bridge,22.3156389,91.9224993,521.000000000015,A
614,N1,1000614,link,link,22.3158889,91.9235827,121.00000000003774,
615,N1,1000615,link,link,22.3155556,91.9253882,189.99999999999773,
616,N1,1000616,bridge,bridge,22.3137778,91.9322216,750.0,C
617,N1,1000617,link,link,22.31375,91.9345274,250.0,
618,N1,1000618,link,link,22.3136389,91.9438886,1000.0,
619,N1,1000619,bridge,bridge,22.3098611,91.9477219,617.999999999995,A
620,N1,1000620,link,link,22.3067222,91.9491941,392.99999999997226,
621,N1,1000621,link,link,22.3025,91.9553889,1000.0,
622,N1,1000622,bridge,bridge,22.3010278,91.9641667,925.9999999999877,A
623,N1,1000623,link,link,22.3009444,91.9646667,52.00000000002092,
624,N1,1000624,link,link,22.3009167,91.9648889,21.99999999999136,
625,N1,1000625,link,link,22.2979441,91.973916,1000.0,
626,N1,1000626,bridge,bridge,22.2956941,91.9787493,567.9999999999836,A
627,N1,1000627,link,link,22.295333,91.9803049,166.00000000005366,
628,N1,1000628,link,link,22.2934997,91.9816382,265.9999999999627,
629,N1,1000629,link,link,22.2933608,91.9821104,60.000000000002274,
630,N1,1000630,bridge,bridge,22.292083,91.9822493,146.000000000015,A
631,N1,1000631,link,link,22.291833,91.9823327,21.000000000015007,
632,N1,1000632,link,link,22.2878052,91.9883886,772.9999999999677,
633,N1,1000633,bridge,bridge,22.286583,91.9911108,302.99999999999727,B
634,N1,1000634,link,link,22.2863052,91.991583,72.00000000000273,
635,N1,1000635,link,link,22.2862497,91.9916941,25.000000000034106,
636,N1,1000636,link,link,22.2836386,91.9967497,599.9999999999659,
637,N1,1000637,bridge,bridge,22.2820549,91.9986663,269.9999999999818,A
638,N1,1000638,link,link,22.2761938,92.0043889,925.0000000000114,
639,N1,1000639,bridge,bridge,22.2745827,92.0053056,213.99999999999864,A
640,N1,1000640,bridge,bridge,22.2722493,92.0055278,270.00000000003865,A
641,N1,1000641,link,link,22.2676104,92.0058056,515.9999999999627,
642,N1,1000642,bridge,bridge,22.2622222,92.0070556,626.0000000000332,D
643,N1,1000643,link,link,22.26210145564516,92.00708382580645,14.000000000010004,
644,N1,1000644,bridge,bridge,22.2600833,92.0075556,233.99999999998045,B
645,N1,1000645,link,link,22.259,92.0081389,125.99999999997635,
646,N1,1000646,link,link,22.2557222,92.0096111,403.00000000002,
647,N1,1000647,link,link,22.2538611,92.01125,267.99999999997226,
648,N1,1000648,link,link,22.2517222,92.0133333,329.00000000000773,
649,N1,1000649,link,link,22.249333,92.0152778,343.00000000001774,
650,N1,1000650,link,link,22.2449997,92.019166,656.9999999999823,
651,N1,1000651,link,link,22.2410552,92.0215271,602.0000000000323,
652,N1,1000652,link,link,22.2371941,92.0230549,478.999999999985,
653,N1,1000653,link,link,22.236083,92.0234716,139.00000000001,
654,N1,1000654,bridge,bridge,22.2327771,92.0245549,384.9999999999909,B
655,N1,1000655,bridge,bridge,22.2316938,92.0248882,178.99999999997362,B
656,N1,1000656,link,link,22.2315827,92.0249438,14.000000000010004,
657,N1,1000657,link,link,22.227916,92.0258882,216.00000000000819,
658,N1,1000658,link,link,22.2278882,92.025916,12.000000000000455,
659,N1,1000659,link,link,22.2277771,92.0259438,12.000000000000455,
660,N1,1000660,link,link,22.2240271,92.0270827,437.0000000000118,
661,N1,1000661,link,link,22.2192493,92.0278882,538.9999999999873,
662,N1,1000662,link,link,22.2170549,92.0281382,247.99999999999045,
663,N1,1000663,link,link,22.2131389,92.0304993,515.0000000000432,
664,N1,1000664,link,link,22.2116111,92.0318049,236.99999999996635,
665,N1,1000665,bridge,bridge,22.2084444,92.0356663,542.00000000003,C
666,N1,1000666,link,link,22.2080278,92.0357774,54.99999999994998,
667,N1,1000667,bridge,bridge,22.2059444,92.0370274,286.00000000000136,B
668,N1,1000668,link,link,22.2058889,92.0371386,12.000000000000455,
669,N1,1000669,link,link,22.2054167,92.0380274,105.00000000001819,
670,N1,1000670,link,link,22.1977774,92.0433886,1093.999999999994,
671,N1,1000671,link,link,22.1917219,92.0453608,699.9999999999886,
672,N1,1000672,link,link,22.1897497,92.046583,313.000000000045,
673,N1,1000673,link,link,22.1822771,92.0513889,1012.9999999999768,
674,N1,1000674,bridge,bridge,22.1750827,92.0528611,821.0000000000264,A
675,N1,1000675,link,link,22.1735827,92.0534167,178.99999999997362,
676,N1,1000676,link,link,22.1652222,92.0548889,1000.0,
677,N1,1000677,link,link,22.1629722,92.0641944,1000.0,
678,N1,1000678,bridge,bridge,22.1596667,92.0674716,514.9999999999864,A
679,N1,1000679,link,link,22.1580556,92.0686104,217.00000000004138,
680,N1,1000680,link,link,22.156,92.0701104,267.99999999997226,
681,N1,1000681,bridge,bridge,22.1509722,92.0696938,663.9999999999873,A
682,N1,1000682,link,link,22.1508889,92.069666,9.000000000014552,
683,N1,1000683,link,link,22.1491386,92.0696104,206.00000000001728,
684,N1,1000684,link,link,22.1406663,92.0697771,950.999999999965,
685,N1,1000685,bridge,bridge,22.1379163,92.0698882,302.99999999999727,A
686,N1,1000686,bridge,bridge,22.1334441,92.0700827,501.0000000000332,A
687,N1,1000687,link,link,22.1320549,92.0701938,161.00000000000136,
688,N1,1000688,link,link,22.1308049,92.070416,118.99999999997135,
689,N1,1000689,link,link,22.1304716,92.0704993,61.00000000003547,
690,N1,1000690,link,link,22.1285271,92.0708604,223.99999999998954,
691,N1,1000691,link,link,22.1282771,92.070916,31.00000000000591,
692,N1,1000692,link,link,22.1240271,92.0715827,484.9999999999568,
693,N1,1000693,bridge,bridge,22.123666,92.0716382,10.000000000047748,B
694,N1,1000694,bridge,bridge,22.1208049,92.0719438,388.99999999995316,A
695,N1,1000695,link,link,22.1151944,92.072416,600.9999999999991,
696,N1,1000696,bridge,bridge,22.1133056,92.0726938,282.0000000000391,A
697,N1,1000697,link,link,22.1062222,92.0738049,717.9999999999609,
698,N1,1000698,link,link,22.1021667,92.0740549,558.0000000000496,
699,N1,1000699,bridge,bridge,22.0993052,92.0743604,111.99999999996635,A
700,N1,1000700,link,link,22.0977497,92.0750271,250.0,
701,N1,1000701,link,link,22.097583,92.0752216,30.00000000002956,
702,N1,1000702,bridge,bridge,22.0942219,92.0798604,611.9999999999663,A
703,N1,1000703,link,link,22.092833,92.0812493,222.00000000003683,
704,N1,1000704,link,link,22.0876941,92.088583,955.9999999999604,
705,N1,1000705,bridge,bridge,22.0844441,92.0924997,545.9999999999923,A
706,N1,1000706,link,link,22.0826104,92.0958886,418.00000000000637,
707,N1,1000707,link,link,22.081166,92.0982774,300.00000000001137,
708,N1,1000708,link,link,22.0752216,92.1001944,699.9999999999886,
709,N1,1000709,bridge,bridge,22.0699438,92.1038333,704.0000000000077,A
710,N1,1000710,link,link,22.0698049,92.104,33.00000000001546,
711,N1,1000711,link,link,22.0686938,92.10525,177.00000000002092,
712,N1,1000712,bridge,bridge,22.0641667,92.107,565.9999999999741,A
713,N1,1000713,link,link,22.0638611,92.1070833,45.000000000015916,
714,N1,1000714,bridge,bridge,22.0605556,92.1078056,379.99999999999545,A
715,N1,1000715,link,link,22.0604722,92.1078611,9.000000000014552,
716,N1,1000716,bridge,bridge,22.0568611,92.1090833,423.0000000000018,A
717,N1,1000717,bridge,bridge,22.0522778,92.1091111,514.9999999999864,A
718,N1,1000718,link,link,22.0516944,92.1090278,62.00000000001182,
719,N1,1000719,bridge,bridge,22.0486386,92.1082222,329.9999999999841,A
720,N1,1000720,link,link,22.0449719,92.1078333,438.99999999996453,
721,N1,1000721,bridge,bridge,22.0443052,92.1073056,95.00000000002728,A
722,N1,1000722,link,link,22.0434441,92.1063056,136.0000000000241,
723,N1,1000723,bridge,bridge,22.0379163,92.104,694.9999999999932,B
724,N1,1000724,link,link,22.037083,92.1039722,96.99999999997999,
725,N1,1000725,bridge,bridge,22.0320827,92.1041667,567.0000000000073,A
726,N1,1000726,bridge,bridge,22.028916,92.1035556,377.9999999999859,A
727,N1,1000727,link,link,22.0284438,92.1032778,55.00000000000682,
728,N1,1000728,bridge,bridge,22.0283327,92.1031944,19.000000000005457,A
729,N1,1000729,link,link,22.020666,92.1015556,899.0000000000009,
730,N1,1000730,bridge,bridge,22.0205549,92.1015,14.000000000010004,A
731,N1,1000731,link,link,22.0153056,92.094833,923.0000000000018,
732,N1,1000732,bridge,bridge,22.0077222,92.0927497,930.0000000000068,A
733,N1,1000733,link,link,22.0074167,92.0924997,48.99999999997817,
734,N1,1000734,bridge,bridge,22.0039167,92.0904163,464.999999999975,A
735,N1,1000735,bridge,bridge,21.9999441,92.0880274,540.0000000000205,A
736,N1,1000736,link,link,21.999833,92.0879997,16.000000000019554,
737,N1,1000737,bridge,bridge,21.9951108,92.0873608,546.9999999999686,A
738,N1,1000738,bridge,bridge,21.9950552,92.0872774,16.999999999995907,A
739,N1,1000739,bridge,bridge,21.9913886,92.086083,434.0000000000259,A
740,N1,1000740,link,link,21.9908886,92.0859163,60.000000000002274,
741,N1,1000741,link,link,21.9907219,92.0858608,19.000000000005457,
742,N1,1000742,bridge,bridge,21.9893886,92.085333,159.99999999996817,A
743,N1,1000743,bridge,bridge,21.9862219,92.0835274,406.0000000000059,A
744,N1,1000744,link,link,21.9860552,92.0834441,24.00000000000091,
745,N1,1000745,link,link,21.9829716,92.0817771,389.00000000001,
746,N1,1000746,bridge,bridge,21.9811104,92.0800271,264.99999999998636,A
747,N1,1000747,link,link,21.9810549,92.0799438,25.000000000034106,
748,N1,1000748,bridge,bridge,21.9798882,92.0778327,253.99999999996226,A
749,N1,1000749,bridge,bridge,21.9789716,92.0747493,342.0000000000414,A
750,N1,1000750,link,link,21.9781104,92.0739993,132.99999999998136,
751,N1,1000751,link,link,21.9729438,92.0670827,1016.9999999999959,
752,N1,1000752,link,link,21.9720827,92.0657222,170.99999999999227,
753,N1,1000753,link,link,21.967666,92.0635,564.0000000000214,
754,N1,1000754,link,link,21.9654167,92.0625556,264.99999999998636,
755,N1,1000755,bridge,bridge,21.9620278,92.0633611,254.99999999999545,A
756,N1,1000756,link,link,21.9618611,92.0634444,21.000000000015007,
757,N1,1000757,bridge,bridge,21.9590833,92.0653889,372.0000000000141,A
758,N1,1000758,link,link,21.9578333,92.0665833,351.99999999997544,
759,N1,1000759,bridge,bridge,21.9569167,92.0673327,84.99999999997954,A
760,N1,1000760,bridge,bridge,21.9516111,92.0678604,521.000000000015,A
761,N1,1000761,link,link,21.9514444,92.0678604,21.000000000015007,
762,N1,1000762,link,link,21.9489441,92.0675271,302.99999999999727,
763,N1,1000763,bridge,bridge,21.9446663,92.0668049,461.00000000001273,A
764,N1,1000764,link,link,21.940583,92.0643889,538.9999999999873,
765,N1,1000765,bridge,bridge,21.9354441,92.0623056,615.0000000000091,A
766,N1,1000766,bridge,bridge,21.9333608,92.0614167,252.9999999999859,A
767,N1,1000767,link,link,21.9322216,92.06075,156.99999999998226,
768,N1,1000768,bridge,bridge,21.931666,92.0603611,78.00000000003138,C
769,N1,1000769,bridge,bridge,21.9296104,92.0592778,264.00000000001,A
770,N1,1000770,link,link,21.9235827,92.0585,672.999999999945,
771,N1,1000771,bridge,bridge,21.9177216,92.0597778,585.0000000000364,A
772,N1,1000772,bridge,bridge,21.9160833,92.0601389,302.99999999999727,A
773,N1,1000773,link,link,21.9148333,92.0604722,146.99999999999136,
774,N1,1000774,bridge,bridge,21.9128611,92.0606667,223.0000000000132,A
775,N1,1000775,bridge,bridge,21.9083889,92.0605278,510.99999999996726,A
776,N1,1000776,link,link,21.9059444,92.0609167,270.00000000003865,
777,N1,1000777,link,link,21.9031667,92.0611667,307.9999999999927,
778,N1,1000778,link,link,21.8969997,92.0612222,564.9999999999977,
779,N1,1000779,link,link,21.89646793301105,92.06108684571824,62.99999999998818,
780,N1,1000780,bridge,bridge,21.8908886,92.0596667,661.0000000000014,C
781,N1,1000781,link,link,21.8883886,92.0600833,281.99999999998226,
782,N1,1000782,bridge,bridge,21.8810271,92.0589722,833.0000000000268,A
783,N1,1000783,link,link,21.879416,92.0590833,178.99999999997362,
784,N1,1000784,bridge,bridge,21.874916,92.0591111,508.0000000000382,A
785,N1,1000785,link,link,21.8704993,92.0591389,500.99999999997635,
786,N1,1000786,link,link,21.8625,92.0595,906.9999999999823,
787,N1,1000787,link,link,21.8616389,92.0596111,93.00000000001774,
788,N1,1000788,bridge,bridge,21.8597222,92.0602778,221.99999999998,A
789,N1,1000789,link,link,21.8592222,92.0604444,59.00000000002592,
790,N1,1000790,link,link,21.85275,92.0609722,723.9999999999895,
791,N1,1000791,bridge,bridge,21.8526111,92.0609722,21.000000000015007,B
792,N1,1000792,bridge,bridge,21.8505,92.0609444,228.999999999985,B
793,N1,1000793,link,link,21.8441386,92.0628056,764.9999999999864,
794,N1,1000794,bridge,bridge,21.842583,92.0638611,213.00000000002228,A
795,N1,1000795,bridge,bridge,21.8399719,92.0651389,322.00000000000273,A
796,N1,1000796,link,link,21.8363052,92.067416,482.00000000002774,
797,N1,1000797,bridge,bridge,21.8336663,92.0684438,313.99999999996453,D
798,N1,1000798,link,link,21.8322216,92.0689993,170.99999999999227,
799,N1,1000799,link,link,21.8280827,92.0712771,482.00000000002774,
800,N1,1000800,link,link,21.8256938,92.0723882,293.9999999999827,
801,N1,1000801,link,link,21.8252771,92.0725549,48.00000000000182,
802,N1,1000802,link,link,21.8208882,92.0741104,516.9999999999959,
803,N1,1000803,link,link,21.8195271,92.0741382,149.0000000000009,
804,N1,1000804,link,link,21.8179716,92.073916,180.99999999998317,
805,N1,1000805,link,link,21.8119444,92.0776382,831.0000000000173,
806,N1,1000806,link,link,21.8045278,92.077166,843.9999999999941,
807,N1,1000807,bridge,bridge,21.8031389,92.0772493,156.0000000000059,B
808,N1,1000808,link,link,21.8030278,92.0772771,14.999999999986358,
809,N1,1000809,link,link,21.8029167,92.0772771,10.000000000047748,
810,N1,1000810,link,link,21.7941941,92.0783882,992.999999999995,
811,N1,1000811,bridge,bridge,21.7873886,92.0788882,774.9999999999773,A
812,N1,1000812,bridge,bridge,21.7864997,92.0790271,100.00000000002274,A
813,N1,1000813,link,link,21.7853052,92.079166,137.9999999999768,
814,N1,1000814,link,link,21.7836941,92.0792771,180.00000000000682,
815,N1,1000815,link,link,21.7782493,92.0840552,819.0000000000168,
816,N1,1000816,bridge,bridge,21.7776382,92.0843886,79.99999999998408,A
817,N1,1000817,bridge,bridge,21.7758049,92.0851108,224.9999999999659,A
818,N1,1000818,link,link,21.7737216,92.0840552,195.00000000005002,
819,N1,1000819,bridge,bridge,21.7732771,92.0837219,134.9999999999909,A
820,N1,1000820,link,link,21.7713049,92.0818327,293.00000000000637,
821,N1,1000821,bridge,bridge,21.7711938,92.0816382,24.00000000000091,A
822,N1,1000822,link,link,21.7693327,92.079416,310.9999999999786,
823,N1,1000823,link,link,21.7664722,92.0767771,428.9999999999736,
824,N1,1000824,link,link,21.7646389,92.075916,236.00000000004684,
825,N1,1000825,link,link,21.7596389,92.0764993,574.9999999999886,
826,N1,1000826,link,link,21.7546944,92.0770271,552.9999999999973,
827,N1,1000827,link,link,21.7466386,92.080916,1002.0000000000095,
828,N1,1000828,bridge,bridge,21.7392497,92.0828604,865.0000000000091,C
829,N1,1000829,link,link,21.738083,92.0834163,140.9999999999627,
830,N1,1000830,bridge,bridge,21.7376386,92.0834719,50.99999999998772,A
831,N1,1000831,bridge,bridge,21.7315827,92.0838052,680.0000000000068,A
832,N1,1000832,bridge,bridge,21.7299993,92.083833,181.00000000004002,A
833,N1,1000833,link,link,21.7296382,92.083833,38.99999999998727,
834,N1,1000834,link,link,21.7290271,92.0838608,69.00000000001683,
835,N1,1000835,bridge,bridge,21.7229438,92.0834719,688.9999999999645,C
836,N1,1000836,link,link,21.7215549,92.0830827,163.0000000000109,
837,N1,1000837,link,link,21.7204716,92.0822493,148.00000000002456,
838,N1,1000838,bridge,bridge,21.7169438,92.0824993,419.9999999999591,C
839,N1,1000839,link,link,21.7120833,92.0821104,612.9999999999995,
840,N1,1000840,link,link,21.7080278,92.0800549,526.9999999999868,
841,N1,1000841,link,link,21.7040556,92.0788604,489.00000000003274,
842,N1,1000842,link,link,21.7013611,92.0783882,310.0000000000023,
843,N1,1000843,link,link,21.6957497,92.0805827,697.9999999999791,
844,N1,1000844,link,link,21.6868608,92.0800827,1012.0000000000005,
845,N1,1000845,link,link,21.678416,92.0770827,1000.0,
846,N1,1000846,bridge,bridge,21.6747493,92.0766104,417.00000000003,A
847,N1,1000847,link,link,21.6742216,92.0765549,61.99999999995498,
848,N1,1000848,bridge,bridge,21.6704438,92.0762771,423.0000000000018,A
849,N1,1000849,link,link,21.6695549,92.0760549,34.00000000004866,
850,N1,1000850,link,link,21.6688327,92.0759438,96.00000000000364,
851,N1,1000851,bridge,bridge,21.6618889,92.074916,765.9999999999627,A
852,N1,1000852,link,link,21.6606111,92.0750827,143.0000000000291,
853,N1,1000853,bridge,bridge,21.6590556,92.0751382,175.99999999998772,A
854,N1,1000854,link,link,21.653,92.0751382,55.999999999983174,
855,N1,1000855,link,link,21.6518056,92.0737771,783.9999999999918,
856,N1,1000856,bridge,bridge,21.6497219,92.0733049,237.0000000000232,A
857,N1,1000857,link,link,21.6491941,92.0733049,62.00000000001182,
858,N1,1000858,bridge,bridge,21.649083,92.0733049,17.99999999997226,A
859,N1,1000859,bridge,bridge,21.6468052,92.0733604,251.0000000000332,A
860,N1,1000860,link,link,21.6428608,92.0732216,447.00000000000273,
861,N1,1000861,link,link,21.634833,92.0770271,1017.9999999999723,
862,N1,1000862,link,link,21.6259716,92.0773882,1028.00000000002,
863,N1,1000863,bridge,bridge,21.6213604,92.0724438,733.9999999999804,A
864,N1,1000864,link,link,21.6197771,92.0705271,266.00000000001955,
865,N1,1000865,bridge,bridge,21.617166,92.0679993,399.0000000000009,A
866,N1,1000866,link,link,21.6167771,92.0678049,50.99999999998772,
867,N1,1000867,link,link,21.6150556,92.0667771,58.99999999996908,
868,N1,1000868,link,link,21.61225,92.0652222,115.0000000000091,
869,N1,1000869,link,link,21.610086825,92.06399479375,140.0000000000432,
870,N1,1000870,link,link,21.6073056,92.0624167,179.99999999994998,
871,N1,1000871,link,link,21.6039167,92.0619444,797.0000000000255,
872,N1,1000872,link,link,21.603029505025123,92.061920540201,57.00000000001637,
873,N1,1000873,link,link,21.5977219,92.0617778,341.0000000000082,
874,N1,1000874,link,link,21.5951108,92.0611944,601.9999999999754,
875,N1,1000875,bridge,bridge,21.59379884019608,92.06161870980392,81.99999999999363,A
876,N1,1000876,bridge,bridge,21.588583,92.0633056,326.0000000000218,A
877,N1,1000877,link,link,21.5875274,92.0650278,503.99999999996226,
878,N1,1000878,bridge,bridge,21.5861941,92.0650278,100.00000000002274,A
879,N1,1000879,bridge,bridge,21.584833,92.0652222,168.00000000000637,A
880,N1,1000880,link,link,21.5791938,92.0668049,730.9999999999945,
881,N1,1000881,bridge,bridge,21.5769993,92.0697216,129.0000000000191,A
882,N1,1000882,link,link,21.5717216,92.0718049,840.9999999999513,
883,N1,1000883,bridge,bridge,21.564,92.0702493,694.0000000000168,A
884,N1,1000884,link,link,21.5629444,92.0700271,326.0000000000218,
885,N1,1000885,link,link,21.5618056,92.0696382,134.9999999999909,
886,N1,1000886,link,link,21.5608333,92.0692771,120.9999999999809,
887,N1,1000887,link,link,21.5555,92.0679716,746.0000000000377,
888,N1,1000888,link,link,21.5553056,92.067916,195.99999999996953,
889,N1,1000889,link,link,21.5548889,92.0678049,52.00000000002092,
890,N1,1000890,link,link,21.5484719,92.0670827,423.0000000000018,
891,N1,1000891,link,link,21.548083,92.0670271,45.99999999999227,
892,N1,1000892,link,link,21.546583,92.0668327,182.99999999999272,
893,N1,1000893,link,link,21.538333,92.0639722,887.0000000000005,
894,N1,1000894,link,link,21.5294993,92.0650278,1016.0000000000196,
895,N1,1000895,bridge,bridge,21.5283049,92.0650833,32.99999999995862,B
896,N1,1000896,bridge,bridge,21.5264716,92.0651944,212.00000000004593,B
897,N1,1000897,bridge,bridge,21.5234716,92.0656111,343.9999999999941,B
898,N1,1000898,link,link,21.5233049,92.0656389,19.99999999998181,
899,N1,1000899,bridge,bridge,21.5220827,92.0658611,139.00000000001,B
900,N1,1000900,link,link,21.520666,92.0661667,161.99999999997772,
901,N1,1000901,link,link,21.5161111,92.068166,555.0000000000068,
902,N1,1000902,link,link,21.5126944,92.0698604,423.9999999999782,
903,N1,1000903,link,link,21.5125556,92.0699438,27.000000000043656,
904,N1,1000904,bridge,bridge,21.5083889,92.0717493,512.0000000000005,A
905,N1,1000905,bridge,bridge,21.5069722,92.072916,204.00000000000773,A
906,N1,1000906,link,link,21.505,92.0745549,283.9999999999918,
907,N1,1000907,bridge,bridge,21.4974719,92.0765549,911.0000000000014,A
908,N1,1000908,link,link,21.4968608,92.0769438,88.99999999999864,
909,N1,1000909,bridge,bridge,21.4964441,92.077166,48.00000000000182,A
910,N1,1000910,link,link,21.4901941,92.0818049,904.9999999999727,
911,N1,1000911,link,link,21.4870274,92.0898052,985.99999999999,
912,N1,1000912,bridge,bridge,21.4851386,92.091333,274.0000000000009,A
913,N1,1000913,link,link,21.4793604,92.0938886,700.0000000000455,
914,N1,1000914,bridge,bridge,21.4767771,92.0957497,357.99999999994725,A
915,N1,1000915,bridge,bridge,21.4750549,92.0971663,250.0,A
916,N1,1000916,link,link,21.4713604,92.0997497,522.0000000000482,
917,N1,1000917,bridge,bridge,21.4712216,92.0998886,20.999999999958163,A
918,N1,1000918,link,link,21.4708049,92.1002222,59.00000000002592,
919,N1,1000919,bridge,bridge,21.4667216,92.1025,533.9999999999918,A
920,N1,1000920,link,link,21.4635833,92.1029167,367.00000000001864,
921,N1,1000921,link,link,21.4564722,92.1038056,968.9999999999941,
922,N1,1000922,bridge,bridge,21.4545,92.10075,379.99999999999545,A
923,N1,1000923,bridge,bridge,21.4512778,92.0994441,421.9999999999686,A
924,N1,1000924,link,link,21.4496108,92.0994997,222.00000000003683,
925,N1,1000925,link,link,21.4494719,92.0995274,57.00000000001637,
926,N1,1000926,bridge,bridge,21.443833,92.1014167,597.9999999999563,A
927,N1,1000927,bridge,bridge,21.4421663,92.1008611,223.99999999998954,A
928,N1,1000928,link,link,21.4417497,92.1006667,56.00000000004002,
929,N1,1000929,link,link,21.4413608,92.1003611,62.00000000001182,
930,N1,1000930,bridge,bridge,21.4375552,92.0984997,466.99999999998454,C
931,N1,1000931,bridge,bridge,21.434583,92.0973886,343.9999999999941,A
932,N1,1000932,link,link,21.4334441,92.0969997,149.0000000000009,
933,N1,1000933,bridge,bridge,21.4310271,92.0961941,284.99999999996817,C
934,N1,1000934,bridge,bridge,21.4290271,92.0954997,229.00000000004184,C
935,N1,1000935,link,link,21.4284993,92.0951941,79.00000000000773,
936,N1,1000936,bridge,bridge,21.4283604,92.0941663,112.99999999999955,C
937,N1,1000937,link,link,21.4281104,92.0914719,283.9999999999918,
938,N1,1000938,bridge,bridge,21.427916,92.0896108,190.99999999997408,C
939,N1,1000939,link,link,21.4278882,92.0893886,25.000000000034106,
940,N1,1000940,bridge,bridge,21.4271104,92.084083,560.9999999999786,C
941,N1,1000941,link,link,21.4269716,92.0821104,206.99999999999363,
942,N1,1000942,bridge,bridge,21.4267771,92.0804716,175.99999999998772,A
943,N1,1000943,bridge,bridge,21.4264716,92.0767771,384.00000000001455,A
944,N1,1000944,link,link,21.4267216,92.0730827,403.99999999999636,
945,N1,1000945,bridge,bridge,21.427416,92.0707216,261.0000000000241,B
946,N1,1000946,link,link,21.4276938,92.0643611,738.9999999999759,
947,N1,1000947,bridge,bridge,21.4270827,92.0632778,131.00000000002865,A
948,N1,1000948,bridge,bridge,21.4273327,92.0608333,262.9999999999768,A
949,N1,1000949,bridge,bridge,21.4278882,92.0576667,336.9999999999891,D
950,N1,1000950,bridge,bridge,21.4280549,92.0554167,237.99999999999955,A
951,N1,1000951,link,link,21.4280827,92.0551389,28.999999999996362,
952,N1,1000952,bridge,bridge,21.4280549,92.0529444,232.00000000002774,A
953,N1,1000953,bridge,bridge,21.4274993,92.0484441,462.99999999996544,A
954,N1,1000954,link,link,21.4275271,92.0483886,18.000000000029104,
955,N1,1000955,link,link,21.4287771,92.0461941,271.99999999999136,
956,N1,1000956,bridge,bridge,21.4295549,92.044083,233.99999999998045,A
957,N1,1000957,bridge,bridge,21.4298049,92.0392774,500.0,C
958,N1,1000958,link,link,21.4296938,92.0368608,254.0000000000191,
959,N1,1000959,bridge,bridge,21.4289716,92.0348608,223.99999999998954,C
960,N1,1000960,bridge,bridge,21.4294438,92.0316104,362.0000000000232,B
961,N1,1000961,link,link,21.4300827,92.0304716,140.9999999999627,
962,N1,1000962,bridge,bridge,21.430416,92.0293049,133.0000000000382,C
963,N1,1000963,link,link,21.430166,92.0283604,105.99999999999454,
964,N1,1000964,bridge,bridge,21.4298882,92.0279716,45.99999999999227,A
965,N1,1000965,bridge,bridge,21.4262493,92.0235827,612.9999999999995,B
966,N1,1000966,link,link,21.4258604,92.023166,64.99999999999773,
967,N1,1000967,link,link,21.4258049,92.0232493,13.000000000033651,
968,N1,1000968,bridge,bridge,21.4225549,92.0274438,581.9999999999936,A
969,N1,1000969,bridge,bridge,21.4220827,92.0278604,70.99999999996953,A
970,N1,1000970,link,link,21.4199716,92.0302493,326.0000000000218,
971,N1,1000971,bridge,bridge,21.4191104,92.032416,265.9999999999627,A
972,N1,1000972,bridge,bridge,21.4165,92.0353052,449.0000000000123,B
973,N1,1000973,bridge,bridge,21.4156389,92.0367219,182.00000000001637,C
974,N1,1000974,link,link,21.4150556,92.037833,134.9999999999909,
975,N1,1000975,bridge,bridge,21.4135833,92.0393886,235.00000000001364,A
976,N1,1000976,bridge,bridge,21.4120556,92.039583,367.00000000001864,A
977,N1,1000977,bridge,bridge,21.4115,92.0438052,171.99999999996862,C
978,N1,1000978,link,link,21.4111667,92.0441108,48.00000000000182,
979,N1,1000979,bridge,bridge,21.4103056,92.0453052,163.0000000000109,A
980,N1,1000980,link,link,21.4101111,92.0458052,57.00000000001637,
981,N1,1000981,bridge,bridge,21.41025,92.0480552,242.999999999995,C
982,N1,1000982,bridge,bridge,21.4103333,92.0508333,324.99999999998863,A
983,N1,1000983,bridge,bridge,21.4094167,92.0531944,272.9999999999677,C
984,N1,1000984,link,link,21.4090833,92.05475,180.00000000000682,
985,N1,1000985,bridge,bridge,21.4079722,92.056,210.00000000003638,A
986,N1,1000986,bridge,bridge,21.4067222,92.0570556,168.99999999998272,A
987,N1,1000987,bridge,bridge,21.4058611,92.0594167,293.00000000000637,B
988,N1,1000988,link,link,21.4040556,92.0619722,267.99999999997226,
989,N1,1000989,bridge,bridge,21.4039167,92.0628333,157.0000000000391,C
990,N1,1000990,bridge,bridge,21.4008889,92.0658611,480.99999999999454,C
991,N1,1000991,bridge,bridge,21.3986941,92.0665556,262.9999999999768,C
992,N1,1000992,link,link,21.398583,92.0665833,14.999999999986358,
993,N1,1000993,bridge,bridge,21.3971663,92.0668882,165.99999999999682,C
994,N1,1000994,link,link,21.3969719,92.066916,19.000000000005457,
995,N1,1000995,bridge,bridge,21.393333,92.068166,435.0000000000023,C
996,N1,1000996,bridge,bridge,21.3891108,92.0686938,484.0000000000373,C
997,N1,1000997,link,link,21.3889441,92.0688049,17.99999999997226,
998,N1,1000998,link,link,21.3885274,92.0692771,57.00000000001637,
999,N1,1000999,bridge,bridge,21.3873052,92.0697771,147.9999999999677,D
1000,N1,1001000,bridge,bridge,21.3858886,92.0704438,176.00000000004457,B
1001,N1,1001001,bridge,bridge,21.384583,92.0704993,152.99999999996317,B
1002,N1,1001002,bridge,bridge,21.3839441,92.0705827,76.00000000002183,B
1003,N1,1001003,bridge,bridge,21.3826938,92.0710271,151.9999999999868,C
1004,N1,1001004,bridge,bridge,21.3813049,92.0710827,168.00000000000637,B
1005,N1,1001005,bridge,bridge,21.3811104,92.0710827,29.999999999972715,B
1006,N1,1001006,link,link,21.3796104,92.0706104,179.00000000003047,
1007,N1,1001007,bridge,bridge,21.378916,92.0703327,91.00000000000819,B
1008,N1,1001008,bridge,bridge,21.3775827,92.0703604,153.99999999999636,B
1009,N1,1001009,bridge,bridge,21.3773882,92.0706104,38.99999999998727,B
1010,N1,1001010,bridge,bridge,21.3762216,92.0718049,182.00000000001637,B
1011,N1,1001011,bridge,bridge,21.3752493,92.0727771,164.99999999996362,B
1012,N1,1001012,bridge,bridge,21.3747771,92.0734993,115.0000000000091,B
1013,N1,1001013,bridge,bridge,21.3745549,92.0739716,64.99999999999773,B
1014,N1,1001014,bridge,bridge,21.3742493,92.0755271,173.00000000000182,B
1015,N1,1001015,link,link,21.3742493,92.0756938,16.000000000019554,
1016,N1,1001016,bridge,bridge,21.3736938,92.0768327,158.00000000001546,C
1017,N1,1001017,bridge,bridge,21.3731938,92.0773327,82.99999999996999,D
1018,N1,1001018,bridge,bridge,21.3714993,92.0785549,228.999999999985,C
1019,N1,1001019,bridge,bridge,21.3698327,92.0796104,206.00000000001728,C
1020,N1,1001020,bridge,bridge,21.3678882,92.0803327,262.00000000000045,C
1021,N1,1001021,bridge,bridge,21.3669438,92.0807771,134.00000000001455,C
1022,N1,1001022,link,link,21.3662778,92.0810549,84.00000000000318,
1023,N1,1001023,link,link,21.3657222,92.0812771,63.99999999996453,
1024,N1,1001024,link,link,21.3644167,92.081416,151.00000000001046,
1025,N1,1001025,link,link,21.3615,92.0806382,341.0000000000082,
1026,N1,1001026,link,link,21.3580833,92.0790271,427.99999999999727,
1027,N1,1001027,link,link,21.35775,92.0790271,44.00000000003956,
1028,N1,1001028,bridge,bridge,21.3571944,92.0791104,63.99999999996453,A
1029,N1,1001029,bridge,bridge,21.3563333,92.0790827,96.00000000000364,B
1030,N1,1001030,bridge,bridge,21.35525,92.0790827,125.0,A
1031,N1,1001031,bridge,bridge,21.3526667,92.0783327,305.0000000000068,A
1032,N1,1001032,link,link,21.3490552,92.0784716,416.99999999997317,
1033,N1,1001033,link,link,21.3463608,92.0790271,312.0000000000118,
1034,N1,1001034,link,link,21.3461386,92.0789993,26.00000000001046,
1035,N1,1001035,link,link,21.3414997,92.0788327,535.000000000025,
1036,N1,1001036,link,link,21.3404997,92.0784993,122.99999999999045,
1037,N1,1001037,bridge,bridge,21.3381941,92.078916,267.99999999997226,A
1038,N1,1001038,bridge,bridge,21.3324716,92.0790827,657.0000000000391,A
1039,N1,1001039,link,link,21.3311104,92.0788604,163.99999999998727,
1040,N1,1001040,bridge,bridge,21.3297771,92.0787771,158.00000000001546,C
1041,N1,1001041,link,link,21.3295271,92.0789438,31.999999999982265,
1042,N1,1001042,link,link,21.324666,92.084583,829.0000000000077,
1043,N1,1001043,bridge,bridge,21.3241104,92.085333,105.99999999999454,C
1044,N1,1001044,link,link,21.3238049,92.0857219,55.00000000000682,
1045,N1,1001045,bridge,bridge,21.3207493,92.0893052,509.9999999999909,A
1046,N1,1001046,link,link,21.3187493,92.0916108,336.9999999999891,
1047,N1,1001047,bridge,bridge,21.3179438,92.0921663,115.0000000000091,A
1048,N1,1001048,link,link,21.3177771,92.0922497,19.99999999998181,
1049,N1,1001049,link,link,21.317666,92.0930274,81.99999999999363,
1050,N1,1001050,bridge,bridge,21.3125,92.096333,713.0000000000223,C
1051,N1,1001051,link,link,21.3121944,92.0966941,52.00000000002092,
1052,N1,1001052,link,link,21.3120278,92.0969163,24.00000000000091,
1053,N1,1001053,link,link,21.3101667,92.0974997,219.99999999997044,
1054,N1,1001054,bridge,bridge,21.3039722,92.0967497,759.9999999999909,B
1055,N1,1001055,link,link,21.3037778,92.0968052,23.000000000024556,
1056,N1,1001056,link,link,21.2989441,92.0976108,555.0000000000068,
1057,N1,1001057,link,link,21.2956386,92.0993886,425.9999999999877,
1058,N1,1001058,link,link,21.2949997,92.0993886,74.00000000001228,
1059,N1,1001059,link,link,21.2949163,92.0994163,7.999999999981355,
1060,N1,1001060,link,link,21.2863608,92.1001667,963.9999999999986,
1061,N1,1001061,link,link,21.2839441,92.1005278,274.99999999997726,
1062,N1,1001062,link,link,21.282777512080536,92.10067986442952,136.0000000000241,
1063,N1,1001063,link,link,21.282666,92.1006944,12.999999999976808,
1064,N1,1001064,link,link,21.2790827,92.1019722,427.99999999999727,
1065,N1,1001065,link,link,21.277666,92.1026111,168.00000000000637,
1066,N1,1001066,link,link,21.2695827,92.1066111,996.0000000000377,
1067,N1,1001067,bridge,bridge,21.2694716,92.1066667,14.999999999986358,B
1068,N1,1001068,bridge,bridge,21.2678604,92.1088333,291.99999999997317,C
1069,N1,1001069,link,link,21.2677493,92.109,26.00000000001046,
1070,N1,1001070,bridge,bridge,21.2646111,92.1134444,581.0000000000173,C
1071,N1,1001071,link,link,21.2641111,92.1140833,89.99999999997499,
1072,N1,1001072,bridge,bridge,21.2639722,92.1141944,14.000000000010004,A
1073,N1,1001073,link,link,21.2637222,92.1144722,45.000000000015916,
1074,N1,1001074,bridge,bridge,21.2623611,92.1161667,233.99999999998045,A
1075,N1,1001075,link,link,21.26225,92.1163056,18.000000000029104,
1076,N1,1001076,link,link,21.2580278,92.1214438,714.999999999975,
1077,N1,1001077,bridge,bridge,21.2565556,92.122916,223.99999999998954,A
1078,N1,1001078,link,link,21.2565,92.1229716,13.000000000033651,
1079,N1,1001079,bridge,bridge,21.2550278,92.1245827,238.9999999999759,A
1080,N1,1001080,bridge,bridge,21.2537778,92.1266382,250.0,A
1081,N1,1001081,link,link,21.2521944,92.1286104,276.00000000001046,
1082,N1,1001082,bridge,bridge,21.2521111,92.1287493,16.999999999995907,A
1083,N1,1001083,bridge,bridge,21.2504722,92.1307493,120.00000000000455,C
1084,N1,1001084,link,link,21.2504167,92.1307493,89.99999999997499,
1085,N1,1001085,bridge,bridge,21.248083,92.1341108,781.0000000000059,A
1086,N1,1001086,link,link,21.2479997,92.1342219,13.000000000033651,
1087,N1,1001087,link,link,21.2462219,92.1364719,40.99999999999682,
1088,N1,1001088,link,link,21.2447497,92.1389441,300.00000000001137,
1089,N1,1001089,bridge,bridge,21.242333,92.1413608,382.99999999998136,D
1090,N1,1001090,link,link,21.2422219,92.1415552,21.99999999999136,
1091,N1,1001091,link,link,21.2412497,92.1440552,302.0000000000209,
1092,N1,1001092,link,link,21.2357774,92.1511667,979.9999999999613,
1093,N1,1001093,link,link,21.236333,92.1586667,998.0000000000473,
1094,N1,1001094,link,link,21.2283604,92.1617222,1009.9999999999909,
1095,N1,1001095,bridge,bridge,21.2261382,92.1611667,264.99999999998636,C
1096,N1,1001096,bridge,bridge,21.2243327,92.1614444,209.00000000000318,A
1097,N1,1001097,link,link,21.2198049,92.1618611,527.9999999999632,
1098,N1,1001098,bridge,bridge,21.2165556,92.1626944,400.0000000000341,C
1099,N1,1001099,bridge,bridge,21.2152778,92.1649722,302.99999999999727,C
1100,N1,1001100,bridge,bridge,21.2142778,92.166666,195.99999999996953,C
1101,N1,1001101,link,link,21.21375,92.1674438,106.00000000005139,
1102,N1,1001102,bridge,bridge,21.2127222,92.1678882,127.9999999999859,C
1103,N1,1001103,bridge,bridge,21.2105833,92.1681382,243.99999999997135,A
1104,N1,1001104,bridge,bridge,21.2096944,92.168416,100.00000000002274,B
1105,N1,1001105,link,link,21.2056389,92.1703327,536.0000000000014,
1106,N1,1001106,bridge,bridge,21.2011389,92.170416,526.9999999999868,C
1107,N1,1001107,bridge,bridge,21.1989997,92.1703604,247.99999999999045,A
1108,N1,1001108,link,link,21.1977219,92.1705549,125.0,
1109,N1,1001109,link,link,21.1969441,92.1707493,112.99999999999955,
1110,N1,1001110,bridge,bridge,21.1965552,92.1708604,47.000000000025466,D
1111,N1,1001111,bridge,bridge,21.1925552,92.1697216,483.99999999998045,A
1112,N1,1001112,link,link,21.1923052,92.1695271,42.00000000003001,
1113,N1,1001113,bridge,bridge,21.1906108,92.167916,260.99999999996726,C
1114,N1,1001114,link,link,21.1897497,92.166666,173.00000000000182,
1115,N1,1001115,bridge,bridge,21.1866386,92.1638056,456.99999999999363,C
1116,N1,1001116,bridge,bridge,21.1859441,92.1610833,313.000000000045,A
1117,N1,1001117,link,link,21.185833,92.1609167,22.999999999967713,
1118,N1,1001118,link,link,21.1843052,92.1594167,233.0000000000041,
1119,N1,1001119,bridge,bridge,21.178666,92.1574722,699.0000000000123,C
1120,N1,1001120,link,link,21.1761938,92.1566111,290.9999999999968,
1121,N1,1001121,bridge,bridge,21.1742771,92.1557222,242.999999999995,D
1122,N1,1001122,bridge,bridge,21.1718327,92.1551389,281.99999999998226,A
1123,N1,1001123,bridge,bridge,21.1698049,92.1545833,242.999999999995,C
1124,N1,1001124,link,link,21.1694993,92.1543056,48.00000000000182,
1125,N1,1001125,bridge,bridge,21.168416,92.1532778,155.00000000002956,A
1126,N1,1001126,link,link,21.1677216,92.1527778,110.00000000001364,
1127,N1,1001127,bridge,bridge,21.1673327,92.1524167,64.99999999999773,A
1128,N1,1001128,bridge,bridge,21.1652222,92.1521667,252.9999999999859,A
1129,N1,1001129,link,link,21.1649444,92.1521944,31.999999999982265,
1130,N1,1001130,bridge,bridge,21.16325,92.1522222,194.99999999999318,A
1131,N1,1001131,bridge,bridge,21.1624722,92.1522778,88.99999999999864,A
1132,N1,1001132,bridge,bridge,21.1604167,92.1525,235.99999999999,A
1133,N1,1001133,link,link,21.1595,92.1526111,108.00000000000409,
1134,N1,1001134,bridge,bridge,21.1593056,92.1526111,21.000000000015007,A
1135,N1,1001135,bridge,bridge,21.1586667,92.1525,73.00000000003593,A
1136,N1,1001136,bridge,bridge,21.1556389,92.1527778,354.99999999996135,A
1137,N1,1001137,bridge,bridge,21.1537778,92.1528611,216.99999999998454,A
1138,N1,1001138,bridge,bridge,21.1521944,92.1535278,212.00000000004593,A
1139,N1,1001139,link,link,21.1507222,92.1545,197.99999999997908,
1140,N1,1001140,bridge,bridge,21.147333,92.1574167,538.0000000000109,C
1141,N1,1001141,bridge,bridge,21.1442774,92.1586389,368.99999999997135,C
1142,N1,1001142,link,link,21.1441663,92.1586944,19.000000000005457,
1143,N1,1001143,link,link,21.1435274,92.1589722,81.00000000001728,
1144,N1,1001144,bridge,bridge,21.1414997,92.1599167,247.99999999999045,A
1145,N1,1001145,link,link,21.1410552,92.1602222,60.99999999997863,
1146,N1,1001146,bridge,bridge,21.1381108,92.1648611,603.0000000000086,A
1147,N1,1001147,link,link,21.1379719,92.1659167,116.00000000004229,
1148,N1,1001148,bridge,bridge,21.137833,92.1671104,122.99999999999045,A
1149,N1,1001149,bridge,bridge,21.1375552,92.1683049,130.9999999999718,A
1150,N1,1001150,bridge,bridge,21.1372219,92.1708882,271.000000000015,A
1151,N1,1001151,bridge,bridge,21.1371108,92.1727771,199.99999999998863,B
1152,N1,1001152,bridge,bridge,21.1368886,92.173916,120.00000000000455,A
1153,N1,1001153,link,link,21.1367219,92.1741382,30.00000000002956,
1154,N1,1001154,link,link,21.1363886,92.1752493,127.9999999999859,
1155,N1,1001155,bridge,bridge,21.1363608,92.1755549,31.999999999982265,A
1156,N1,1001156,bridge,bridge,21.1353886,92.1770827,213.00000000002228,A
1157,N1,1001157,bridge,bridge,21.1333886,92.1806938,493.99999999997135,A
1158,N1,1001158,link,link,21.1333608,92.1808327,16.999999999995907,
1159,N1,1001159,bridge,bridge,21.1329438,92.1824438,176.00000000004457,A
1160,N1,1001160,link,link,21.1326938,92.183333,96.99999999997999,
1161,N1,1001161,bridge,bridge,21.1319716,92.1846108,159.99999999996817,A
1162,N1,1001162,bridge,bridge,21.1309716,92.1856941,174.00000000003502,A
1163,N1,1001163,link,link,21.1269438,92.1902219,665.9999999999968,
1164,N1,1001164,bridge,bridge,21.1268327,92.1902774,12.000000000000455,A
1165,N1,1001165,bridge,bridge,21.1242771,92.1918886,336.9999999999891,C
1166,N1,1001166,bridge,bridge,21.1239993,92.1919997,40.99999999999682,A
1167,N1,1001167,bridge,bridge,21.1229993,92.1926663,134.00000000001455,A
1168,N1,1001168,bridge,bridge,21.122166,92.1931941,112.99999999999955,A
1169,N1,1001169,bridge,bridge,21.1214993,92.1935552,84.99999999997954,A
1170,N1,1001170,link,link,21.1198604,92.1954719,283.00000000001546,
1171,N1,1001171,bridge,bridge,21.1190827,92.1960274,110.99999999999,C
1172,N1,1001172,bridge,bridge,21.1175827,92.1966663,192.99999999998363,D
1173,N1,1001173,bridge,bridge,21.1165,92.1969163,127.00000000000955,C
1174,N1,1001174,bridge,bridge,21.1161389,92.1969997,51.000000000044565,C
1175,N1,1001175,link,link,21.1158333,92.1971386,38.99999999998727,
1176,N1,1001176,bridge,bridge,21.1151667,92.1975552,86.99999999998909,B
1177,N1,1001177,link,link,21.1146111,92.1979719,77.99999999997453,
1178,N1,1001178,link,link,21.1121111,92.2002778,377.00000000000955,
1179,N1,1001179,bridge,bridge,21.1118611,92.2006389,47.000000000025466,C
1180,N1,1001180,bridge,bridge,21.1090556,92.2045278,314.9999999999977,C
1181,N1,1001181,bridge,bridge,21.1078333,92.2058611,430.0000000000068,C
1182,N1,1001182,bridge,bridge,21.1078333,92.2069444,197.99999999997908,C
1183,N1,1001183,link,link,21.1058333,92.20725,69.99999999999318,
1184,N1,1001184,bridge,bridge,21.1053611,92.2073889,64.00000000002137,C
1185,N1,1001185,bridge,bridge,21.1043611,92.2075278,120.00000000000455,C
1186,N1,1001186,bridge,bridge,21.1026389,92.2077778,206.99999999999363,A
1187,N1,1001187,bridge,bridge,21.1012778,92.2081389,171.99999999996862,A
1188,N1,1001188,bridge,bridge,21.0996386,92.2091667,220.00000000002728,A
1189,N1,1001189,link,link,21.0975552,92.2105,284.99999999996817,
1190,N1,1001190,bridge,bridge,21.097333,92.2106111,28.00000000002001,C
1191,N1,1001191,bridge,bridge,21.0939441,92.2118611,399.0000000000009,B
1192,N1,1001192,link,link,21.0936663,92.2119444,36.000000000001364,
1193,N1,1001193,bridge,bridge,21.0923052,92.2123333,158.00000000001546,B
1194,N1,1001194,bridge,bridge,21.090333,92.2129444,235.00000000001364,B
1195,N1,1001195,link,link,21.0891941,92.2135,143.9999999999486,
1196,N1,1001196,bridge,bridge,21.0864997,92.2151111,346.00000000000364,A
1197,N1,1001197,bridge,bridge,21.0859441,92.2153889,68.00000000004047,A
1198,N1,1001198,bridge,bridge,21.0838608,92.2161111,252.9999999999859,A
1199,N1,1001199,link,link,21.0811104,92.2169438,332.99999999997,
1200,N1,1001200,bridge,bridge,21.0803049,92.2174993,105.00000000001819,A
1201,N1,1001201,bridge,bridge,21.0783327,92.2186382,261.0000000000241,A
1202,N1,1001202,bridge,bridge,21.077916,92.2189993,58.99999999996908,A
1203,N1,1001203,bridge,bridge,21.0765549,92.2209993,259.9999999999909,A
1204,N1,1001204,bridge,bridge,21.0745271,92.2220549,259.00000000001455,A
1205,N1,1001205,link,link,21.0735271,92.2226104,146.000000000015,
1206,N1,1001206,bridge,bridge,21.0728327,92.2232216,110.00000000001364,C
1207,N1,1001207,bridge,bridge,21.071666,92.2242216,181.99999999995953,B
1208,N1,1001208,bridge,bridge,21.0691104,92.2246382,312.0000000000118,B
1209,N1,1001209,bridge,bridge,21.0668882,92.2246104,250.0,B
1210,N1,1001210,link,link,21.0655833,92.2245549,146.000000000015,
1211,N1,1001211,bridge,bridge,21.0650556,92.2245271,77.99999999997453,C
1212,N1,1001212,bridge,bridge,21.063,92.2254993,261.0000000000241,C
1213,N1,1001213,bridge,bridge,21.0615556,92.2262771,187.99999999998818,C
1214,N1,1001214,bridge,bridge,21.0597778,92.2263882,204.00000000000773,C
1215,N1,1001215,link,link,21.0596667,92.2263882,14.999999999986358,
1216,N1,1001216,link,link,21.0565833,92.2266104,341.99999999998454,
1217,N1,1001217,bridge,bridge,21.0549722,92.2268049,184.00000000002592,C
1218,N1,1001218,bridge,bridge,21.0513611,92.2302493,648.0000000000246,C
1219,N1,1001219,link,link,21.0513611,92.2305827,37.99999999995407,
1220,N1,1001220,link,link,21.0513056,92.2317493,125.0,
1221,N1,1001221,bridge,bridge,21.0512778,92.2323327,64.00000000002137,C
1222,N1,1001222,bridge,bridge,21.0507222,92.2338608,189.00000000002137,C
1223,N1,1001223,bridge,bridge,21.0479441,92.2346386,327.99999999997453,C
1224,N1,1001224,bridge,bridge,21.0446941,92.2356941,381.00000000002865,C
1225,N1,1001225,link,link,21.0439163,92.2359441,86.99999999998909,
1226,N1,1001226,bridge,bridge,21.0407497,92.2374997,396.99999999999136,C
1227,N1,1001227,bridge,bridge,21.0363608,92.2396941,540.0000000000205,A
1228,N1,1001228,link,link,21.0360552,92.2398608,40.99999999999682,
1229,N1,1001229,link,link,21.0338608,92.2407774,270.99999999995816,
1230,N1,1001230,bridge,bridge,21.0321104,92.241083,203.00000000003138,A
1231,N1,1001231,bridge,bridge,21.0300549,92.2413608,233.0000000000041,B
1232,N1,1001232,bridge,bridge,21.0269438,92.2416941,353.999999999985,A
1233,N1,1001233,link,link,21.0249993,92.2418608,209.00000000000318,
1234,N1,1001234,bridge,bridge,21.0228882,92.2420274,243.99999999997135,A
1235,N1,1001235,link,link,21.0226104,92.2420552,35.00000000002501,
1236,N1,1001236,link,link,21.0186104,92.2431386,483.99999999998045,
1237,N1,1001237,bridge,bridge,21.0169993,92.2440274,206.99999999999363,A
1238,N1,1001238,bridge,bridge,21.0150833,92.245333,256.00000000002865,C
1239,N1,1001239,link,link,21.0107222,92.2487219,606.9999999999709,
1240,N1,1001240,bridge,bridge,21.0101389,92.2492497,91.00000000000819,A
1241,N1,1001241,bridge,bridge,21.0078889,92.251,316.0000000000309,A
1242,N1,1001242,bridge,bridge,21.0064444,92.2520833,200.99999999996498,C
1243,N1,1001243,link,link,21.0029444,92.2531944,424.000000000035,
1244,N1,1001244,bridge,bridge,20.9990274,92.2537778,444.9999999999932,B
1245,N1,1001245,link,link,20.9986386,92.2538889,50.00000000001137,
1246,N1,1001246,bridge,bridge,20.9942497,92.2545278,502.9999999999859,B
1247,N1,1001247,link,link,20.9940274,92.2546111,33.999999999991815,
1248,N1,1001248,bridge,bridge,20.9875274,92.2545556,742.0000000000186,B
1249,N1,1001249,link,link,20.9852774,92.2536389,276.9999999999868,
1250,N1,1001250,bridge,bridge,20.9778049,92.25075,891.9999999999959,C
1251,N1,1001251,link,link,20.9775827,92.2506111,31.999999999982265,
1252,N1,1001252,link,link,20.9769438,92.2502222,76.00000000002183,
1253,N1,1001253,bridge,bridge,20.9697216,92.2485552,860.99999999999,B
1254,N1,1001254,link,link,20.9682771,92.2488052,174.00000000003502,
1255,N1,1001255,bridge,bridge,20.9673604,92.2491663,118.99999999997135,C
1256,N1,1001256,link,link,20.9671104,92.2494441,42.00000000003001,
1257,N1,1001257,bridge,bridge,20.9648611,92.2515278,336.9999999999891,A
1258,N1,1001258,bridge,bridge,20.9622778,92.2528889,322.9999999999791,A
1259,N1,1001259,link,link,20.9620556,92.2530556,31.00000000000591,
1260,N1,1001260,link,link,20.9606389,92.2535,168.00000000000637,
1261,N1,1001261,bridge,bridge,20.9580833,92.2543056,302.0000000000209,B
1262,N1,1001262,bridge,bridge,20.9566667,92.2548056,169.99999999995907,A
1263,N1,1001263,bridge,bridge,20.9538889,92.2559722,336.00000000001273,A
1264,N1,1001264,bridge,bridge,20.9531667,92.2562778,93.00000000001774,A
1265,N1,1001265,bridge,bridge,20.95225,92.2566111,120.00000000000455,A
1266,N1,1001266,link,link,20.9521667,92.2566944,15.99999999996271,
1267,N1,1001267,bridge,bridge,20.94957125079681,92.25817740896414,335.0000000000364,A
1268,N1,1001268,bridge,bridge,20.9482774,92.2589167,166.99999999997317,B
1269,N1,1001269,link,link,20.9481386,92.2593056,45.99999999999227,
1270,N1,1001270,bridge,bridge,20.9459163,92.2603333,330.0000000000409,A
1271,N1,1001271,link,link,20.9445552,92.2603333,186.99999999995498,
1272,N1,1001272,bridge,bridge,20.9436941,92.2603056,99.00000000004638,C
1273,N1,1001273,bridge,bridge,20.9373886,92.2623333,751.9999999999527,B
1274,N1,1001274,link,link,20.9371108,92.2624722,40.000000000020464,
1275,N1,1001275,link,link,20.9361663,92.2628611,108.99999999998045,
1276,N1,1001276,bridge,bridge,20.9361108,92.2628611,12.000000000000455,A
1277,N1,1001277,bridge,bridge,20.9346663,92.2631667,165.99999999999682,C
1278,N1,1001278,bridge,bridge,20.934333,92.26325,40.000000000020464,C
1279,N1,1001279,bridge,bridge,20.9330549,92.2635,149.99999999997726,A
1280,N1,1001280,bridge,bridge,20.929666,92.2641111,388.00000000003365,A
1281,N1,1001281,link,link,20.9293327,92.2641389,36.99999999997772,
1282,N1,1001282,link,link,20.9270827,92.2644444,256.00000000002865,
1283,N1,1001283,link,link,20.9238882,92.2653889,380.9999999999718,
1284,N1,1001284,link,link,20.9234993,92.2656111,50.99999999998772,
1285,N1,1001285,link,link,20.9195827,92.268416,530.0000000000296,
1286,N1,1001286,link,link,20.9194993,92.2684716,16.999999999995907,
1287,N1,1001287,link,link,20.9189993,92.2686382,55.00000000000682,
1288,N1,1001288,link,link,20.9187771,92.2687771,29.999999999972715,
1289,N1,1001289,link,link,20.9176382,92.2692493,140.0000000000432,
1290,N1,1001290,link,link,20.9157222,92.2704993,254.99999999999545,
1291,N1,1001291,link,link,20.9154167,92.2706938,37.99999999995407,
1292,N1,1001292,link,link,20.9136389,92.2718604,232.00000000002774,
1293,N1,1001293,link,link,20.9132778,92.2721938,83.00000000002683,
1294,N1,1001294,link,link,20.9123889,92.2729716,117.999999999995,
1295,N1,1001295,link,link,20.9122222,92.2729438,25.999999999953616,
1296,N1,1001296,link,link,20.9088889,92.275166,446.0000000000264,
1297,N1,1001297,link,link,20.9085556,92.2753604,47.000000000025466,
1298,N1,1001298,link,link,20.90675,92.2764993,237.99999999999955,
1299,N1,1001299,link,link,20.9059444,92.2771104,122.99999999999045,
1300,N1,1001300,link,link,20.9048333,92.277916,145.99999999995816,
1301,N1,1001301,link,link,20.9047222,92.2779716,16.999999999995907,
1302,N1,1001302,link,link,20.9033333,92.2789438,194.00000000001683,
1303,N1,1001303,link,link,20.9027222,92.279416,103.00000000000864,
1304,N1,1001304,link,link,20.9003333,92.2807216,310.9999999999786,
1305,N1,1001305,link,link,20.9001111,92.2809716,36.000000000001364,
1306,N1,1001306,link,link,20.8994441,92.2817216,112.99999999999955,
1307,N1,1001307,link,link,20.8984719,92.2828604,164.0000000000441,
1308,N1,1001308,link,link,20.8982219,92.283166,46.99999999996862,
1309,N1,1001309,link,link,20.8981108,92.2832493,14.999999999986358,
1310,N1,1001310,link,link,20.8980274,92.283333,22.000000000048203,
1311,N1,1001311,link,link,20.8977497,92.2836941,52.99999999999727,
1312,N1,1001312,link,link,20.8969163,92.2854441,209.99999999997954,
1313,N1,1001313,link,link,20.8967774,92.2857219,33.00000000001546,
1314,N1,1001314,link,link,20.8965552,92.286083,46.99999999996862,
1315,N1,1001315,link,link,20.8953608,92.2877219,218.9999999999941,
1316,N1,1001316,link,link,20.8948052,92.2881941,84.00000000000318,
1317,N1,1001317,link,link,20.894083,92.2887774,103.00000000000864,
1318,N1,1001318,link,link,20.8939441,92.2889163,24.00000000000091,
1319,N1,1001319,link,link,20.8932774,92.2896386,105.00000000001819,
1320,N1,1001320,link,link,20.8927774,92.2901386,79.00000000000773,
1321,N1,1001321,link,link,20.8926386,92.2902774,20.999999999958163,
1322,N1,1001322,link,link,20.8919163,92.2916663,171.0000000000491,
1323,N1,1001323,link,link,20.8918886,92.2918052,19.99999999998181,
1324,N1,1001324,link,link,20.891833,92.2923052,55.999999999983174,
1325,N1,1001325,link,link,20.8889163,92.2982497,742.0000000000186,
1326,N1,1001326,link,link,20.888833,92.2983886,14.999999999986358,
1327,N1,1001327,link,link,20.8869441,92.2996386,257.99999999998136,
1328,N1,1001328,link,link,20.8858608,92.2991941,133.0000000000382,
1329,N1,1001329,link,link,20.8820271,92.2977774,473.99999999998954,
1330,N1,1001330,link,link,20.8782216,92.2977774,430.9999999999832,
1331,N1,1001331,link,link,20.8768604,92.2978886,163.0000000000109,
1332,N1,1001332,link,link,20.8764993,92.2978886,43.00000000000637,
1333,N1,1001333,link,link,20.8692771,92.2981386,793.9999999999827,
1334,N1,1001334,link,link,20.8688604,92.2982219,50.00000000001137,
1335,N1,1001335,link,link,20.8650278,92.2982497,427.99999999999727,
1336,N1,1001336,link,link,20.8646667,92.2981941,42.00000000003001,
1337,N1,1001337,link,link,20.8629722,92.298083,177.99999999999727,
1338,N1,1001338,sink,sink,20.8629167,92.298083,129.99999999999545,
